<?xml version="1.0" encoding="UTF-8"?>
  <gmd:MD_Metadata xmlns:gmd="http://www.isotc211.org/2005/gmd" xmlns="http://www.isotc211.org/2005/gmd" xmlns:xsi="http://www.w3.org/2001/XMLSchema-instance" xmlns:gco="http://www.isotc211.org/2005/gco" xmlns:gfc="http://www.isotc211.org/2005/gfc" xmlns:xlink="http://www.w3.org/1999/xlink" xmlns:gmi="http://www.isotc211.org/2005/gmi" xmlns:gml="http://www.opengis.net/gml/3.2" xmlns:gmx="http://www.isotc211.org/2005/gmx" xmlns:gsr="http://www.isotc211.org/2005/gsr" xmlns:gss="http://www.isotc211.org/2005/gss" xmlns:gts="http://www.isotc211.org/2005/gts" xmlns:srv="http://www.isotc211.org/2005/srv" xmlns:geonet="http://www.fao.org/geonetwork" xsi:schemaLocation="http://www.isotc211.org/2005/gmd http://nap.geogratis.gc.ca/metadata/tools/schemas/metadata/can-cgsb-171.100-2009-a/gmd/gmd.xsd http://www.isotc211.org/2005/srv http://nap.geogratis.gc.ca/metadata/tools/schemas/metadata/can-cgsb-171.100-2009-a/srv/srv.xsd http://www.geconnections.org/nap/napMetadataTools/napXsd/napm http://nap.geogratis.gc.ca/metadata/tools/schemas/metadata/can-cgsb-171.100-2009-a/napm/napm.xsd">
    <gmd:fileIdentifier>
      <gco:CharacterString>7f245e4d-76c2-4caa-951a-45d1d2051333</gco:CharacterString>
    </gmd:fileIdentifier>
    <gmd:language>
      <gco:CharacterString>eng; CAN</gco:CharacterString>
    </gmd:language>
    <gmd:characterSet>
      <gmd:MD_CharacterSetCode codeList="http://nap.geogratis.gc.ca/metadata/register/napMetadataRegister.xml#IC_95" codeListValue="RI_458">utf8; utf8</gmd:MD_CharacterSetCode>
    </gmd:characterSet>
    <gmd:hierarchyLevel>
      <gmd:MD_ScopeCode codeList="http://nap.geogratis.gc.ca/metadata/register/napMetadataRegister.xml#IC_108" codeListValue="RI_622">dataset; jeuDonnées</gmd:MD_ScopeCode>
    </gmd:hierarchyLevel>
    <gmd:contact>
      <gmd:CI_ResponsibleParty>
        <gmd:organisationName xsi:type="gmd:PT_FreeText_PropertyType">
          <gco:CharacterString>Government of Canada; Natural Resources Canada; Earth Sciences Sector; Canada Centre for Mapping and Earth Observation</gco:CharacterString>
          <gmd:PT_FreeText>
            <gmd:textGroup>
              <gmd:LocalisedCharacterString locale="#fra">Gouvernement du Canada; Ressources naturelles Canada; Secteur des sciences de la Terre; Centre canadien de cartographie et d'observation de la Terre</gmd:LocalisedCharacterString>
            </gmd:textGroup>
          </gmd:PT_FreeText>
        </gmd:organisationName>
        <gmd:contactInfo>
          <gmd:CI_Contact>
            <gmd:phone>
              <gmd:CI_Telephone>
                <gmd:voice xsi:type="gmd:PT_FreeText_PropertyType">
                  <gco:CharacterString>voice; 1 (819) 5645600</gco:CharacterString>
                  <gmd:PT_FreeText>
                    <gmd:textGroup>
                      <gmd:LocalisedCharacterString locale="#fra">voix; 1 (819) 5645600</gmd:LocalisedCharacterString>
                    </gmd:textGroup>
                  </gmd:PT_FreeText>
                </gmd:voice>
                <gmd:voice xsi:type="gmd:PT_FreeText_PropertyType">
                  <gco:CharacterString>voice; 1 (800) 6612638</gco:CharacterString>
                  <gmd:PT_FreeText>
                    <gmd:textGroup>
                      <gmd:LocalisedCharacterString locale="#fra">voix; 1 (800) 6612638</gmd:LocalisedCharacterString>
                    </gmd:textGroup>
                  </gmd:PT_FreeText>
                </gmd:voice>
                <gmd:facsimile>
                  <gco:CharacterString>1 (819) 5645698</gco:CharacterString>
                </gmd:facsimile>
              </gmd:CI_Telephone>
            </gmd:phone>
            <gmd:address>
              <gmd:CI_Address>
                <gmd:city xsi:type="gmd:PT_FreeText_PropertyType">
                  <gco:CharacterString>Sherbrooke</gco:CharacterString>
                  <gmd:PT_FreeText>
                    <gmd:textGroup>
                      <gmd:LocalisedCharacterString locale="#fra">Sherbrooke</gmd:LocalisedCharacterString>
                    </gmd:textGroup>
                  </gmd:PT_FreeText>
                </gmd:city>
                <gmd:administrativeArea xsi:type="gmd:PT_FreeText_PropertyType">
                  <gco:CharacterString>Quebec</gco:CharacterString>
                  <gmd:PT_FreeText>
                    <gmd:textGroup>
                      <gmd:LocalisedCharacterString locale="#fra">Québec</gmd:LocalisedCharacterString>
                    </gmd:textGroup>
                  </gmd:PT_FreeText>
                </gmd:administrativeArea>
                <gmd:country xsi:type="gmd:PT_FreeText_PropertyType">
                  <gco:CharacterString>Canada</gco:CharacterString>
                  <gmd:PT_FreeText>
                    <gmd:textGroup>
                      <gmd:LocalisedCharacterString locale="#fra">Canada</gmd:LocalisedCharacterString>
                    </gmd:textGroup>
                  </gmd:PT_FreeText>
                </gmd:country>
                <gmd:electronicMailAddress xsi:type="gmd:PT_FreeText_PropertyType">
                  <gco:CharacterString>NRCan.geogratis-geogratis.RNCan@canada.ca</gco:CharacterString>
                  <gmd:PT_FreeText>
                    <gmd:textGroup>
                      <gmd:LocalisedCharacterString locale="#fra">NRCan.geogratis-geogratis.RNCan@canada.ca</gmd:LocalisedCharacterString>
                    </gmd:textGroup>
                  </gmd:PT_FreeText>
                </gmd:electronicMailAddress>
              </gmd:CI_Address>
            </gmd:address>
          </gmd:CI_Contact>
        </gmd:contactInfo>
        <gmd:role>
          <gmd:CI_RoleCode codeList="http://nap.geogratis.gc.ca/metadata/register/napMetadataRegister.xml#IC_90" codeListValue="RI_414">pointOfContact; contact</gmd:CI_RoleCode>
        </gmd:role>
      </gmd:CI_ResponsibleParty>
    </gmd:contact>
    <gmd:dateStamp>
      <gco:DateTime>2016-10-21T09:51:24</gco:DateTime>
    </gmd:dateStamp>
    <gmd:metadataStandardName xsi:type="gmd:PT_FreeText_PropertyType">
      <gco:CharacterString>North American Profile of ISO 19115:2003 - Geographic information - Metadata</gco:CharacterString>
      <gmd:PT_FreeText>
        <gmd:textGroup>
          <gmd:LocalisedCharacterString locale="#fra">Profil nord-américain de la norme ISO 19115:2003 - Information géographique - Métadonnées</gmd:LocalisedCharacterString>
        </gmd:textGroup>
      </gmd:PT_FreeText>
    </gmd:metadataStandardName>
    <gmd:metadataStandardVersion>
      <gco:CharacterString>CAN/CGSB-171.100-2009</gco:CharacterString>
    </gmd:metadataStandardVersion>
    <gmd:locale>
      <gmd:PT_Locale id="fra">
        <gmd:languageCode>
          <gmd:LanguageCode codeList="http://nap.geogratis.gc.ca/metadata/register/napMetadataRegister.xml#IC_116" codeListValue="fra">French; Français</gmd:LanguageCode>
        </gmd:languageCode>
        <gmd:country>
          <gmd:Country codeList="http://nap.geogratis.gc.ca/metadata/register/napMetadataRegister.xml#IC_117" codeListValue="CAN">Canada; Canada</gmd:Country>
        </gmd:country>
        <gmd:characterEncoding>
          <gmd:MD_CharacterSetCode codeList="http://nap.geogratis.gc.ca/metadata/register/napMetadataRegister.xml#IC_95" codeListValue="RI_458">utf8; utf8</gmd:MD_CharacterSetCode>
        </gmd:characterEncoding>
      </gmd:PT_Locale>
    </gmd:locale>
    <gmd:referenceSystemInfo>
      <gmd:MD_ReferenceSystem>
        <gmd:referenceSystemIdentifier>
          <gmd:RS_Identifier>
            <gmd:authority>
              <gmd:CI_Citation>
                <gmd:title xsi:type="gmd:PT_FreeText_PropertyType">
                  <gco:CharacterString>EPSG Geodetic Parameter Registry</gco:CharacterString>
                  <gmd:PT_FreeText>
                    <gmd:textGroup>
                      <gmd:LocalisedCharacterString locale="#fra">Registre des paramètres géodésiques EPSG</gmd:LocalisedCharacterString>
                    </gmd:textGroup>
                  </gmd:PT_FreeText>
                </gmd:title>
                <gmd:date>
                  <gmd:CI_Date>
                    <gmd:date>
                      <gco:Date>2010-11-02</gco:Date>
                    </gmd:date>
                    <gmd:dateType>
                      <gmd:CI_DateTypeCode codeList="http://nap.geogratis.gc.ca/metadata/register/napMetadataRegister.xml#IC_87" codeListValue="RI_366">creation; création</gmd:CI_DateTypeCode>
                    </gmd:dateType>
                  </gmd:CI_Date>
                </gmd:date>
                <gmd:citedResponsibleParty>
                  <gmd:CI_ResponsibleParty>
                    <gmd:organisationName xsi:type="gmd:PT_FreeText_PropertyType">
                      <gco:CharacterString>OGP Geomatics Committee</gco:CharacterString>
                      <gmd:PT_FreeText>
                        <gmd:textGroup>
                          <gmd:LocalisedCharacterString locale="#fra">OGP Geomatics Committee</gmd:LocalisedCharacterString>
                        </gmd:textGroup>
                      </gmd:PT_FreeText>
                    </gmd:organisationName>
                    <gmd:role>
                      <gmd:CI_RoleCode codeList="http://nap.geogratis.gc.ca/metadata/register/napMetadataRegister.xml#IC_90" codeListValue="RI_409">custodian; conservateur</gmd:CI_RoleCode>
                    </gmd:role>
                  </gmd:CI_ResponsibleParty>
                </gmd:citedResponsibleParty>
              </gmd:CI_Citation>
            </gmd:authority>
            <gmd:code>
              <gco:CharacterString>EPSG:4617</gco:CharacterString>
            </gmd:code>
            <gmd:codeSpace>
              <gco:CharacterString>http://www.epsg-registry.org</gco:CharacterString>
            </gmd:codeSpace>
            <gmd:version>
              <gco:CharacterString>8.6.2</gco:CharacterString>
            </gmd:version>
          </gmd:RS_Identifier>
        </gmd:referenceSystemIdentifier>
      </gmd:MD_ReferenceSystem>
    </gmd:referenceSystemInfo>
    <gmd:identificationInfo>
      <gmd:MD_DataIdentification>
        <gmd:citation>
          <gmd:CI_Citation>
            <gmd:title xsi:type="gmd:PT_FreeText_PropertyType">
              <gco:CharacterString>Canadian Digital Elevation Model</gco:CharacterString>
              <gmd:PT_FreeText>
                <gmd:textGroup>
                  <gmd:LocalisedCharacterString locale="#fra">Modèle numérique d'élévation du Canada</gmd:LocalisedCharacterString>
                </gmd:textGroup>
              </gmd:PT_FreeText>
            </gmd:title>
            <gmd:date>
              <gmd:CI_Date>
                <gmd:date>
                  <gco:Date>2012-11-06</gco:Date>
                </gmd:date>
                <gmd:dateType>
                  <gmd:CI_DateTypeCode codeList="http://nap.geogratis.gc.ca/metadata/register/napMetadataRegister.xml#IC_87" codeListValue="RI_366">creation; création</gmd:CI_DateTypeCode>
                </gmd:dateType>
              </gmd:CI_Date>
            </gmd:date>
            <gmd:date>
              <gmd:CI_Date>
                <gmd:date>
                  <gco:Date>2015</gco:Date>
                </gmd:date>
                <gmd:dateType>
                  <gmd:CI_DateTypeCode codeList="http://nap.geogratis.gc.ca/metadata/register/napMetadataRegister.xml#IC_87" codeListValue="RI_367">publication; publication</gmd:CI_DateTypeCode>
                </gmd:dateType>
              </gmd:CI_Date>
            </gmd:date>
            <gmd:citedResponsibleParty>
              <gmd:CI_ResponsibleParty>
                <gmd:organisationName xsi:type="gmd:PT_FreeText_PropertyType">
                  <gco:CharacterString>Government of Canada; Natural Resources Canada; Earth Sciences Sector; Canada Centre for Mapping and Earth Observation</gco:CharacterString>
                  <gmd:PT_FreeText>
                    <gmd:textGroup>
                      <gmd:LocalisedCharacterString locale="#fra">Gouvernement du Canada; Ressources naturelles Canada; Secteur des sciences de la Terre; Centre canadien de cartographie et d'observation de la Terre</gmd:LocalisedCharacterString>
                    </gmd:textGroup>
                  </gmd:PT_FreeText>
                </gmd:organisationName>
                <gmd:contactInfo>
                  <gmd:CI_Contact>
                    <gmd:address>
                      <gmd:CI_Address>
                        <gmd:city xsi:type="gmd:PT_FreeText_PropertyType">
                          <gco:CharacterString>Sherbrooke</gco:CharacterString>
                          <gmd:PT_FreeText>
                            <gmd:textGroup>
                              <gmd:LocalisedCharacterString locale="#fra">Sherbrooke</gmd:LocalisedCharacterString>
                            </gmd:textGroup>
                          </gmd:PT_FreeText>
                        </gmd:city>
                        <gmd:administrativeArea xsi:type="gmd:PT_FreeText_PropertyType">
                          <gco:CharacterString>Quebec</gco:CharacterString>
                          <gmd:PT_FreeText>
                            <gmd:textGroup>
                              <gmd:LocalisedCharacterString locale="#fra">Québec</gmd:LocalisedCharacterString>
                            </gmd:textGroup>
                          </gmd:PT_FreeText>
                        </gmd:administrativeArea>
                        <gmd:country xsi:type="gmd:PT_FreeText_PropertyType">
                          <gco:CharacterString>Canada</gco:CharacterString>
                          <gmd:PT_FreeText>
                            <gmd:textGroup>
                              <gmd:LocalisedCharacterString locale="#fra">Canada</gmd:LocalisedCharacterString>
                            </gmd:textGroup>
                          </gmd:PT_FreeText>
                        </gmd:country>
                        <gmd:electronicMailAddress xsi:type="gmd:PT_FreeText_PropertyType">
                          <gco:CharacterString>NRCan.Geoinfo.RNCan@Canada.ca</gco:CharacterString>
                          <gmd:PT_FreeText>
                            <gmd:textGroup>
                              <gmd:LocalisedCharacterString locale="#fra">NRCan.geogratis-geogratis.RNCan@canada.ca</gmd:LocalisedCharacterString>
                            </gmd:textGroup>
                          </gmd:PT_FreeText>
                        </gmd:electronicMailAddress>
                      </gmd:CI_Address>
                    </gmd:address>
                  </gmd:CI_Contact>
                </gmd:contactInfo>
                <gmd:role>
                  <gmd:CI_RoleCode codeList="http://nap.geogratis.gc.ca/metadata/register/napMetadataRegister.xml#IC_90" codeListValue="RI_414">pointOfContact; contact</gmd:CI_RoleCode>
                </gmd:role>
              </gmd:CI_ResponsibleParty>
            </gmd:citedResponsibleParty>
            <gmd:presentationForm>
              <gmd:CI_PresentationFormCode codeList="http://nap.geogratis.gc.ca/metadata/register/napMetadataRegister.xml#IC_89" codeListValue="RI_393">modelDigital; modèleNumérique</gmd:CI_PresentationFormCode>
            </gmd:presentationForm>
          </gmd:CI_Citation>
        </gmd:citation>
        <gmd:abstract xsi:type="gmd:PT_FreeText_PropertyType">
          <gco:CharacterString>The Canadian Digital Elevation Model (CDEM) is part of Natural Resources Canada's altimetry system designed to better meet the users' needs for elevation data and products.

The CDEM stems from the existing Canadian Digital Elevation Data (CDED). In these data, elevations can be either ground or reflective surface elevations.

A CDEM mosaic can be obtained for a pre-defined or user-defined extent. The coverage and resolution of a mosaic varies according to latitude and to the extent of the requested area.
Derived products such as slope, shaded relief and colour shaded relief maps can also be generated on demand.

The pre-packaged GeoTif datasets are based on the National Topographic System of Canada (NTS) at the 1:250 000 scale; the NTS index file is available in the Data Resources section(Shape, KML).</gco:CharacterString>
          <gmd:PT_FreeText>
            <gmd:textGroup>
              <gmd:LocalisedCharacterString locale="#fra">Le Modèle numérique d'élévation du Canada (MNÉC) fait partie du système d'altimétrie conçu par Ressources naturelles Canada afin de mieux répondre aux besoins des utilisateurs de données et de produits d'élévation.

Le MNÉC est issu des Données numériques d'élévation du Canada (DNEC) existantes. Ces données peuvent refléter les élévations du sol ou de toute autre surface réflective.

Une mosaïque du MNÉC peut être obtenue pour une région prédéfinie ou définie par l'utilisateur. La couverture et la résolution des mosaïques varient selon la latitude et selon l'étendue de la région demandée.
Des produits dérivés tels que des cartes de pente, de relief ombragé et de relief ombragé en couleurs peuvent aussi être générés sur demande.

Les jeux de données pré-emballés GeoTif sont basés sur le système national de réference cartographique du Canada (SNRC) à l'échelle de 1/250 000; l'index de découpage SNRC est disponible dans la section Ressources de données (Shape, Kml).</gmd:LocalisedCharacterString>
            </gmd:textGroup>
          </gmd:PT_FreeText>
        </gmd:abstract>
        <gmd:status>
          <gmd:MD_ProgressCode codeList="http://nap.geogratis.gc.ca/metadata/register/napMetadataRegister.xml#IC_106" codeListValue="RI_596">onGoing; enContinue</gmd:MD_ProgressCode>
        </gmd:status>
        <gmd:resourceMaintenance>
          <gmd:MD_MaintenanceInformation>
            <gmd:maintenanceAndUpdateFrequency>
              <gmd:MD_MaintenanceFrequencyCode codeList="http://nap.geogratis.gc.ca/metadata/register/napMetadataRegister.xml#IC_102" codeListValue="RI_542">notPlanned; nonPlanifié</gmd:MD_MaintenanceFrequencyCode>
            </gmd:maintenanceAndUpdateFrequency>
            <gmd:updateScope>
              <gmd:MD_ScopeCode codeList="http://nap.geogratis.gc.ca/metadata/register/napMetadataRegister.xml#IC_108" codeListValue="RI_622">dataset; jeuDonnées</gmd:MD_ScopeCode>
            </gmd:updateScope>
          </gmd:MD_MaintenanceInformation>
        </gmd:resourceMaintenance>
        <gmd:graphicOverview>
          <gmd:MD_BrowseGraphic>
            <gmd:fileName>
              <gco:CharacterString>http://ftp.geogratis.gc.ca/pub/fgp_pgf/thumbnail/cdem_color.png</gco:CharacterString>
            </gmd:fileName>
            <gmd:fileDescription>
              <gco:CharacterString>Display created for FGP</gco:CharacterString>
            </gmd:fileDescription>
          </gmd:MD_BrowseGraphic>
        </gmd:graphicOverview>
        <gmd:descriptiveKeywords>
          <gmd:MD_Keywords>
            <gmd:keyword xsi:type="gmd:PT_FreeText_PropertyType">
              <gco:CharacterString>Canada</gco:CharacterString>
              <gmd:PT_FreeText>
                <gmd:textGroup>
                  <gmd:LocalisedCharacterString locale="#fra">Canada</gmd:LocalisedCharacterString>
                </gmd:textGroup>
              </gmd:PT_FreeText>
            </gmd:keyword>
            <gmd:type>
              <gmd:MD_KeywordTypeCode codeList="http://nap.geogratis.gc.ca/metadata/register/napMetadataRegister.xml#IC_101" codeListValue="RI_525">place; endroit</gmd:MD_KeywordTypeCode>
            </gmd:type>
          </gmd:MD_Keywords>
        </gmd:descriptiveKeywords>
        <gmd:descriptiveKeywords>
          <gmd:MD_Keywords>
            <gmd:keyword xsi:type="gmd:PT_FreeText_PropertyType">
              <gco:CharacterString>Earth Sciences</gco:CharacterString>
              <gmd:PT_FreeText>
                <gmd:textGroup>
                  <gmd:LocalisedCharacterString locale="#fra">Sciences de la Terre</gmd:LocalisedCharacterString>
                </gmd:textGroup>
              </gmd:PT_FreeText>
            </gmd:keyword>
            <gmd:keyword xsi:type="gmd:PT_FreeText_PropertyType">
              <gco:CharacterString>elevation</gco:CharacterString>
              <gmd:PT_FreeText>
                <gmd:textGroup>
                  <gmd:LocalisedCharacterString locale="#fra">élévation</gmd:LocalisedCharacterString>
                </gmd:textGroup>
              </gmd:PT_FreeText>
            </gmd:keyword>
            <gmd:keyword xsi:type="gmd:PT_FreeText_PropertyType">
              <gco:CharacterString>relief</gco:CharacterString>
              <gmd:PT_FreeText>
                <gmd:textGroup>
                  <gmd:LocalisedCharacterString locale="#fra">relief</gmd:LocalisedCharacterString>
                </gmd:textGroup>
              </gmd:PT_FreeText>
            </gmd:keyword>
            <gmd:keyword xsi:type="gmd:PT_FreeText_PropertyType">
              <gco:CharacterString>geomatics</gco:CharacterString>
              <gmd:PT_FreeText>
                <gmd:textGroup>
                  <gmd:LocalisedCharacterString locale="#fra">géomatique</gmd:LocalisedCharacterString>
                </gmd:textGroup>
              </gmd:PT_FreeText>
            </gmd:keyword>
            <gmd:type>
              <gmd:MD_KeywordTypeCode codeList="http://nap.geogratis.gc.ca/metadata/register/napMetadataRegister.xml#IC_101" codeListValue="RI_524">discipline; discipline</gmd:MD_KeywordTypeCode>
            </gmd:type>
          </gmd:MD_Keywords>
        </gmd:descriptiveKeywords>
        <gmd:descriptiveKeywords>
          <gmd:MD_Keywords>
            <gmd:keyword xsi:type="gmd:PT_FreeText_PropertyType">
              <gco:CharacterString>GeoBase</gco:CharacterString>
              <gmd:PT_FreeText>
                <gmd:textGroup>
                  <gmd:LocalisedCharacterString locale="#fra">GéoBase</gmd:LocalisedCharacterString>
                </gmd:textGroup>
              </gmd:PT_FreeText>
            </gmd:keyword>
            <gmd:keyword xsi:type="gmd:PT_FreeText_PropertyType">
              <gco:CharacterString>CDEM</gco:CharacterString>
              <gmd:PT_FreeText>
                <gmd:textGroup>
                  <gmd:LocalisedCharacterString locale="#fra">MNÉC</gmd:LocalisedCharacterString>
                </gmd:textGroup>
              </gmd:PT_FreeText>
            </gmd:keyword>
            <gmd:keyword xsi:type="gmd:PT_FreeText_PropertyType">
              <gco:CharacterString>DEM</gco:CharacterString>
              <gmd:PT_FreeText>
                <gmd:textGroup>
                  <gmd:LocalisedCharacterString locale="#fra">MNE</gmd:LocalisedCharacterString>
                </gmd:textGroup>
              </gmd:PT_FreeText>
            </gmd:keyword>
            <gmd:type>
              <gmd:MD_KeywordTypeCode codeList="http://nap.geogratis.gc.ca/metadata/register/napMetadataRegister.xml#IC_101" codeListValue="RI_529">product; produit</gmd:MD_KeywordTypeCode>
            </gmd:type>
          </gmd:MD_Keywords>
        </gmd:descriptiveKeywords>
        <gmd:descriptiveKeywords>
          <gmd:MD_Keywords>
            <gmd:keyword xsi:type="gmd:PT_FreeText_PropertyType">
              <gco:CharacterString>Earth sciences</gco:CharacterString>
              <gmd:PT_FreeText>
                <gmd:textGroup>
                  <gmd:LocalisedCharacterString locale="#fra">Sciences de la terre</gmd:LocalisedCharacterString>
                </gmd:textGroup>
              </gmd:PT_FreeText>
            </gmd:keyword>
            <gmd:keyword xsi:type="gmd:PT_FreeText_PropertyType">
              <gco:CharacterString>Cartography</gco:CharacterString>
              <gmd:PT_FreeText>
                <gmd:textGroup>
                  <gmd:LocalisedCharacterString locale="#fra">Cartographie</gmd:LocalisedCharacterString>
                </gmd:textGroup>
              </gmd:PT_FreeText>
            </gmd:keyword>
            <gmd:keyword xsi:type="gmd:PT_FreeText_PropertyType">
              <gco:CharacterString>Geography</gco:CharacterString>
              <gmd:PT_FreeText>
                <gmd:textGroup>
                  <gmd:LocalisedCharacterString locale="#fra">Géographie</gmd:LocalisedCharacterString>
                </gmd:textGroup>
              </gmd:PT_FreeText>
            </gmd:keyword>
            <gmd:keyword xsi:type="gmd:PT_FreeText_PropertyType">
              <gco:CharacterString>Geographic data</gco:CharacterString>
              <gmd:PT_FreeText>
                <gmd:textGroup>
                  <gmd:LocalisedCharacterString locale="#fra">Données géographiques</gmd:LocalisedCharacterString>
                </gmd:textGroup>
              </gmd:PT_FreeText>
            </gmd:keyword>
            <gmd:keyword xsi:type="gmd:PT_FreeText_PropertyType">
              <gco:CharacterString>Geographic information systems</gco:CharacterString>
              <gmd:PT_FreeText>
                <gmd:textGroup>
                  <gmd:LocalisedCharacterString locale="#fra">Système d'information géographique</gmd:LocalisedCharacterString>
                </gmd:textGroup>
              </gmd:PT_FreeText>
            </gmd:keyword>
            <gmd:keyword xsi:type="gmd:PT_FreeText_PropertyType">
              <gco:CharacterString>Geomatics</gco:CharacterString>
              <gmd:PT_FreeText>
                <gmd:textGroup>
                  <gmd:LocalisedCharacterString locale="#fra">Géomatique</gmd:LocalisedCharacterString>
                </gmd:textGroup>
              </gmd:PT_FreeText>
            </gmd:keyword>
            <gmd:keyword xsi:type="gmd:PT_FreeText_PropertyType">
              <gco:CharacterString>Topography</gco:CharacterString>
              <gmd:PT_FreeText>
                <gmd:textGroup>
                  <gmd:LocalisedCharacterString locale="#fra">Topographie</gmd:LocalisedCharacterString>
                </gmd:textGroup>
              </gmd:PT_FreeText>
            </gmd:keyword>
            <gmd:type>
              <gmd:MD_KeywordTypeCode codeList="http://nap.geogratis.gc.ca/metadata/register/napMetadataRegister.xml#IC_101" codeListValue="RI_528">theme; thème</gmd:MD_KeywordTypeCode>
            </gmd:type>
            <gmd:thesaurusName>
              <gmd:CI_Citation>
                <gmd:title xsi:type="gmd:PT_FreeText_PropertyType">
                  <gco:CharacterString>Government of Canada Core Subject Thesaurus</gco:CharacterString>
                  <gmd:PT_FreeText>
                    <gmd:textGroup>
                      <gmd:LocalisedCharacterString locale="#fra">Thésaurus des sujets de base du gouvernement du Canada</gmd:LocalisedCharacterString>
                    </gmd:textGroup>
                  </gmd:PT_FreeText>
                </gmd:title>
                <gmd:date>
                  <gmd:CI_Date>
                    <gmd:date>
                      <gco:Date>2004</gco:Date>
                    </gmd:date>
                    <gmd:dateType>
                      <gmd:CI_DateTypeCode codeList="http://nap.geogratis.gc.ca/metadata/register/napMetadataRegister.xml#IC_87" codeListValue="RI_366">creation; création</gmd:CI_DateTypeCode>
                    </gmd:dateType>
                  </gmd:CI_Date>
                </gmd:date>
                <gmd:date>
                  <gmd:CI_Date>
                    <gmd:date>
                      <gco:Date>2013-11-05</gco:Date>
                    </gmd:date>
                    <gmd:dateType>
                      <gmd:CI_DateTypeCode codeList="http://nap.geogratis.gc.ca/metadata/register/napMetadataRegister.xml#IC_87" codeListValue="RI_368">revision; révision</gmd:CI_DateTypeCode>
                    </gmd:dateType>
                  </gmd:CI_Date>
                </gmd:date>
                <gmd:citedResponsibleParty>
                  <gmd:CI_ResponsibleParty>
                    <gmd:organisationName xsi:type="gmd:PT_FreeText_PropertyType">
                      <gco:CharacterString>Government of Canada; Library and Archives Canada</gco:CharacterString>
                      <gmd:PT_FreeText>
                        <gmd:textGroup>
                          <gmd:LocalisedCharacterString locale="#fra">Gouvernement du Canada; Bibliothèque et Archives Canada</gmd:LocalisedCharacterString>
                        </gmd:textGroup>
                      </gmd:PT_FreeText>
                    </gmd:organisationName>
                    <gmd:role>
                      <gmd:CI_RoleCode codeList="http://nap.geogratis.gc.ca/metadata/register/napMetadataRegister.xml#IC_90" codeListValue="RI_409">custodian; conservateur</gmd:CI_RoleCode>
                    </gmd:role>
                  </gmd:CI_ResponsibleParty>
                </gmd:citedResponsibleParty>
              </gmd:CI_Citation>
            </gmd:thesaurusName>
          </gmd:MD_Keywords>
        </gmd:descriptiveKeywords>
        <gmd:resourceConstraints>
          <gmd:MD_LegalConstraints>
            <gmd:useLimitation xsi:type="gmd:PT_FreeText_PropertyType">
              <gco:CharacterString>© Department of Natural Resources Canada. All rights reserved.</gco:CharacterString>
              <gmd:PT_FreeText>
                <gmd:textGroup>
                  <gmd:LocalisedCharacterString locale="#fra">© Le ministère des Ressources naturelles Canada. Tous droits réservés</gmd:LocalisedCharacterString>
                </gmd:textGroup>
              </gmd:PT_FreeText>
            </gmd:useLimitation>
            <gmd:useConstraints>
              <gmd:MD_RestrictionCode codeList="http://nap.geogratis.gc.ca/metadata/register/napMetadataRegister.xml#IC_107" codeListValue="RI_602">copyright; droitAuteur</gmd:MD_RestrictionCode>
            </gmd:useConstraints>
          </gmd:MD_LegalConstraints>
        </gmd:resourceConstraints>
        <gmd:resourceConstraints>
          <gmd:MD_LegalConstraints>
            <gmd:useLimitation xsi:type="gmd:PT_FreeText_PropertyType">
              <gco:CharacterString>Open Government Licence - Canada (http://open.canada.ca/en/open-government-licence-canada)</gco:CharacterString>
              <gmd:PT_FreeText>
                <gmd:textGroup>
                  <gmd:LocalisedCharacterString locale="#fra">Licence du gouvernement ouvert - Canada (http://ouvert.canada.ca/fr/licence-du-gouvernement-ouvert-canada)</gmd:LocalisedCharacterString>
                </gmd:textGroup>
              </gmd:PT_FreeText>
            </gmd:useLimitation>
            <gmd:accessConstraints>
              <gmd:MD_RestrictionCode codeList="http://nap.geogratis.gc.ca/metadata/register/napMetadataRegister.xml#IC_107" codeListValue="RI_606">license; licence</gmd:MD_RestrictionCode>
            </gmd:accessConstraints>
            <gmd:useConstraints>
              <gmd:MD_RestrictionCode codeList="http://nap.geogratis.gc.ca/metadata/register/napMetadataRegister.xml#IC_107" codeListValue="RI_606">license; licence</gmd:MD_RestrictionCode>
            </gmd:useConstraints>
          </gmd:MD_LegalConstraints>
        </gmd:resourceConstraints>
        <gmd:spatialRepresentationType>
          <gmd:MD_SpatialRepresentationTypeCode codeList="http://nap.geogratis.gc.ca/metadata/register/napMetadataRegister.xml#IC_109" codeListValue="RI_636">grid; grille</gmd:MD_SpatialRepresentationTypeCode>
        </gmd:spatialRepresentationType>
        <gmd:language>
          <gco:CharacterString>eng; CAN</gco:CharacterString>
        </gmd:language>
        <gmd:language>
          <gco:CharacterString>fra; CAN</gco:CharacterString>
        </gmd:language>
        <gmd:characterSet>
          <gmd:MD_CharacterSetCode codeList="http://nap.geogratis.gc.ca/metadata/register/napMetadataRegister.xml#IC_95" codeListValue="RI_458">utf8; utf8</gmd:MD_CharacterSetCode>
        </gmd:characterSet>
        <gmd:topicCategory>
          <gmd:MD_TopicCategoryCode>elevation</gmd:MD_TopicCategoryCode>
        </gmd:topicCategory>
        <gmd:extent>
          <gmd:EX_Extent>
            <gmd:geographicElement>
              <gmd:EX_GeographicBoundingBox>
                <gmd:extentTypeCode>
                  <gco:Boolean>1</gco:Boolean>
                </gmd:extentTypeCode>
                <gmd:westBoundLongitude>
                  <gco:Decimal>-142.0</gco:Decimal>
                </gmd:westBoundLongitude>
                <gmd:eastBoundLongitude>
                  <gco:Decimal>-52.0</gco:Decimal>
                </gmd:eastBoundLongitude>
                <gmd:southBoundLatitude>
                  <gco:Decimal>41.0</gco:Decimal>
                </gmd:southBoundLatitude>
                <gmd:northBoundLatitude>
                  <gco:Decimal>84.0</gco:Decimal>
                </gmd:northBoundLatitude>
              </gmd:EX_GeographicBoundingBox>
            </gmd:geographicElement>
          </gmd:EX_Extent>
        </gmd:extent>
        <gmd:extent>
          <gmd:EX_Extent>
            <gmd:temporalElement>
              <gmd:EX_TemporalExtent>
                <gmd:extent>
                  <gml:TimePeriod gml:id="timeperiod1">
                    <gml:beginPosition>1945</gml:beginPosition>
                    <gml:endPosition>2011</gml:endPosition>
                  </gml:TimePeriod>
                </gmd:extent>
              </gmd:EX_TemporalExtent>
            </gmd:temporalElement>
          </gmd:EX_Extent>
        </gmd:extent>
      </gmd:MD_DataIdentification>
    </gmd:identificationInfo>
    <gmd:distributionInfo>
      <gmd:MD_Distribution>
        <gmd:distributionFormat>
          <gmd:MD_Format>
            <gmd:name>
              <gco:CharacterString>WMS</gco:CharacterString>
            </gmd:name>
            <gmd:version>
              <gco:CharacterString>1.3.0</gco:CharacterString>
            </gmd:version>
            <gmd:specification>
              <gco:CharacterString>Open Geospatial Consortium Inc., OpenGIS Web Map Service (WMS) Implementation Specification, Version 1.3.0, 2006-03-15, Reference number of this OGC® project document: 06-042 (http://portal.opengeospatial.org/files/?artifact_id=14416)</gco:CharacterString>
            </gmd:specification>
          </gmd:MD_Format>
        </gmd:distributionFormat>
        <gmd:distributionFormat>
          <gmd:MD_Format>
            <gmd:name>
              <gco:CharacterString>GeoTIF</gco:CharacterString>
            </gmd:name>
            <gmd:version>
              <gco:CharacterString>unknown</gco:CharacterString>
            </gmd:version>
            <gmd:fileDecompressionTechnique xsi:type="gmd:PT_FreeText_PropertyType">
              <gco:CharacterString>ZIP Compression Software</gco:CharacterString>
              <gmd:PT_FreeText>
                <gmd:textGroup>
                  <gmd:LocalisedCharacterString locale="#fra">Logiciel de compression ZIP</gmd:LocalisedCharacterString>
                </gmd:textGroup>
              </gmd:PT_FreeText>
            </gmd:fileDecompressionTechnique>
          </gmd:MD_Format>
        </gmd:distributionFormat>
        <gmd:distributor>
          <gmd:MD_Distributor>
            <gmd:distributorContact>
              <gmd:CI_ResponsibleParty>
                <gmd:organisationName xsi:type="gmd:PT_FreeText_PropertyType">
                  <gco:CharacterString>Government of Canada; Natural Resources Canada; Earth Sciences Sector; Canada Centre for Mapping and Earth Observation</gco:CharacterString>
                  <gmd:PT_FreeText>
                    <gmd:textGroup>
                      <gmd:LocalisedCharacterString locale="#fra">Gouvernement du Canada; Ressources naturelles Canada; Secteur des sciences de la Terre; Centre canadien de cartographie et d'observation de la Terre</gmd:LocalisedCharacterString>
                    </gmd:textGroup>
                  </gmd:PT_FreeText>
                </gmd:organisationName>
                <gmd:contactInfo>
                  <gmd:CI_Contact>
                    <gmd:phone>
                      <gmd:CI_Telephone>
                        <gmd:voice xsi:type="gmd:PT_FreeText_PropertyType">
                          <gco:CharacterString>voice; 1 (819) 5645600</gco:CharacterString>
                          <gmd:PT_FreeText>
                            <gmd:textGroup>
                              <gmd:LocalisedCharacterString locale="#fra">voix; 1 (819) 5645600</gmd:LocalisedCharacterString>
                            </gmd:textGroup>
                          </gmd:PT_FreeText>
                        </gmd:voice>
                        <gmd:voice xsi:type="gmd:PT_FreeText_PropertyType">
                          <gco:CharacterString>voice; 1 (800) 6612638</gco:CharacterString>
                          <gmd:PT_FreeText>
                            <gmd:textGroup>
                              <gmd:LocalisedCharacterString locale="#fra">voix; 1 (800) 6612638</gmd:LocalisedCharacterString>
                            </gmd:textGroup>
                          </gmd:PT_FreeText>
                        </gmd:voice>
                        <gmd:facsimile>
                          <gco:CharacterString>1 (819) 5645698</gco:CharacterString>
                        </gmd:facsimile>
                      </gmd:CI_Telephone>
                    </gmd:phone>
                    <gmd:address>
                      <gmd:CI_Address>
                        <gmd:city xsi:type="gmd:PT_FreeText_PropertyType">
                          <gco:CharacterString>Sherbrooke</gco:CharacterString>
                          <gmd:PT_FreeText>
                            <gmd:textGroup>
                              <gmd:LocalisedCharacterString locale="#fra">Sherbrooke</gmd:LocalisedCharacterString>
                            </gmd:textGroup>
                          </gmd:PT_FreeText>
                        </gmd:city>
                        <gmd:administrativeArea xsi:type="gmd:PT_FreeText_PropertyType">
                          <gco:CharacterString>Quebec</gco:CharacterString>
                          <gmd:PT_FreeText>
                            <gmd:textGroup>
                              <gmd:LocalisedCharacterString locale="#fra">Québec</gmd:LocalisedCharacterString>
                            </gmd:textGroup>
                          </gmd:PT_FreeText>
                        </gmd:administrativeArea>
                        <gmd:country xsi:type="gmd:PT_FreeText_PropertyType">
                          <gco:CharacterString>Canada</gco:CharacterString>
                          <gmd:PT_FreeText>
                            <gmd:textGroup>
                              <gmd:LocalisedCharacterString locale="#fra">Canada</gmd:LocalisedCharacterString>
                            </gmd:textGroup>
                          </gmd:PT_FreeText>
                        </gmd:country>
                        <gmd:electronicMailAddress xsi:type="gmd:PT_FreeText_PropertyType">
                          <gco:CharacterString>NRCan.geogratis-geogratis.RNCan@canada.ca</gco:CharacterString>
                          <gmd:PT_FreeText>
                            <gmd:textGroup>
                              <gmd:LocalisedCharacterString locale="#fra">NRCan.geogratis-geogratis.RNCan@canada.ca</gmd:LocalisedCharacterString>
                            </gmd:textGroup>
                          </gmd:PT_FreeText>
                        </gmd:electronicMailAddress>
                      </gmd:CI_Address>
                    </gmd:address>
                  </gmd:CI_Contact>
                </gmd:contactInfo>
                <gmd:role>
                  <gmd:CI_RoleCode codeList="http://nap.geogratis.gc.ca/metadata/register/napMetadataRegister.xml#IC_90" codeListValue="RI_412">distributor; distributeur</gmd:CI_RoleCode>
                </gmd:role>
              </gmd:CI_ResponsibleParty>
            </gmd:distributorContact>
          </gmd:MD_Distributor>
        </gmd:distributor>
        <gmd:transferOptions>
          <gmd:MD_DigitalTransferOptions>
            <gmd:onLine xlink:role="urn:xml:lang:eng-CAN">
              <gmd:CI_OnlineResource>
                <gmd:linkage>
                  <gmd:URL>http://maps.geogratis.gc.ca/wms/elevation_en?service=WMS&amp;version=1.3.0&amp;request=GetCapabilities&amp;layers=cdem.color-shaded-relief&amp;legend_format=image/png</gmd:URL>
                </gmd:linkage>
                <gmd:protocol>
                  <gco:CharacterString>OGC:WMS</gco:CharacterString>
                </gmd:protocol>
                <gmd:name xsi:type="gmd:PT_FreeText_PropertyType">
                  <gco:CharacterString>Canadian Digital Elevation Model</gco:CharacterString>
                  <gmd:PT_FreeText>
                    <gmd:textGroup>
                      <gmd:LocalisedCharacterString locale="#fra">Modèle numérique d'élévation du Canada</gmd:LocalisedCharacterString>
                    </gmd:textGroup>
                  </gmd:PT_FreeText>
                </gmd:name>
                <gmd:description xsi:type="gmd:PT_FreeText_PropertyType">
                  <gco:CharacterString>Web Service;WMS;eng</gco:CharacterString>
                  <gmd:PT_FreeText>
                    <gmd:textGroup>
                      <gmd:LocalisedCharacterString locale="#fra">Service Web;WMS;eng</gmd:LocalisedCharacterString>
                    </gmd:textGroup>
                  </gmd:PT_FreeText>
                </gmd:description>
                <gmd:function>
                  <gmd:CI_OnLineFunctionCode codeList="http://nap.geogratis.gc.ca/metadata/register/napMetadataRegister.xml#IC_88" codeListValue="RI_385">webMapService; ServiceCartesWeb</gmd:CI_OnLineFunctionCode>
                </gmd:function>
              </gmd:CI_OnlineResource>
            </gmd:onLine>
            <gmd:onLine xlink:role="urn:xml:lang:fra-CAN">
              <gmd:CI_OnlineResource>
                <gmd:linkage>
                  <gmd:URL>http://cartes.geogratis.gc.ca/wms/elevation_fr?service=WMS&amp;version=1.3.0&amp;request=GetCapabilities&amp;layers=cdem.color-shaded-relief&amp;legend_format=image/png</gmd:URL>
                </gmd:linkage>
                <gmd:protocol>
                  <gco:CharacterString>OGC:WMS</gco:CharacterString>
                </gmd:protocol>
                <gmd:name xsi:type="gmd:PT_FreeText_PropertyType">
                  <gco:CharacterString>Canadian Digital Elevation Model</gco:CharacterString>
                  <gmd:PT_FreeText>
                    <gmd:textGroup>
                      <gmd:LocalisedCharacterString locale="#fra">Modèle numérique d'élévation du Canada</gmd:LocalisedCharacterString>
                    </gmd:textGroup>
                  </gmd:PT_FreeText>
                </gmd:name>
                <gmd:description xsi:type="gmd:PT_FreeText_PropertyType">
                  <gco:CharacterString>Web Service;WMS;fra</gco:CharacterString>
                  <gmd:PT_FreeText>
                    <gmd:textGroup>
                      <gmd:LocalisedCharacterString locale="#fra">Service Web;WMS;fra</gmd:LocalisedCharacterString>
                    </gmd:textGroup>
                  </gmd:PT_FreeText>
                </gmd:description>
                <gmd:function>
                  <gmd:CI_OnLineFunctionCode codeList="http://nap.geogratis.gc.ca/metadata/register/napMetadataRegister.xml#IC_88" codeListValue="RI_385">webMapService; ServiceCartesWeb</gmd:CI_OnLineFunctionCode>
                </gmd:function>
              </gmd:CI_OnlineResource>
            </gmd:onLine>
            <gmd:onLine>
              <gmd:CI_OnlineResource>
                <gmd:linkage>
                  <gmd:URL>http://geogratis.gc.ca/site/eng/extraction</gmd:URL>
                </gmd:linkage>
                <gmd:protocol>
                  <gco:CharacterString>HTTP</gco:CharacterString>
                </gmd:protocol>
                <gmd:name xsi:type="gmd:PT_FreeText_PropertyType">
                  <gco:CharacterString>Customized files (derived products, selectable extent) - Geospatial-Data Extraction tool (English)</gco:CharacterString>
                  <gmd:PT_FreeText>
                    <gmd:textGroup>
                      <gmd:LocalisedCharacterString locale="#fra">Fichiers personnalisés (produits dérivés, sélection de découpage) Outil d'extraction de données géospatiales (anglais)</gmd:LocalisedCharacterString>
                    </gmd:textGroup>
                  </gmd:PT_FreeText>
                </gmd:name>
                <gmd:description xsi:type="gmd:PT_FreeText_PropertyType">
                  <gco:CharacterString>Application;Web App;eng</gco:CharacterString>
                  <gmd:PT_FreeText>
                    <gmd:textGroup>
                      <gmd:LocalisedCharacterString locale="#fra">Application;Web App;eng</gmd:LocalisedCharacterString>
                    </gmd:textGroup>
                  </gmd:PT_FreeText>
                </gmd:description>
                <gmd:function>
                  <gmd:CI_OnLineFunctionCode codeList="http://nap.geogratis.gc.ca/metadata/register/napMetadataRegister.xml#IC_88" codeListValue="RI_375">download; téléchargement</gmd:CI_OnLineFunctionCode>
                </gmd:function>
              </gmd:CI_OnlineResource>
            </gmd:onLine>
            <gmd:onLine>
              <gmd:CI_OnlineResource>
                <gmd:linkage>
                  <gmd:URL>http://geogratis.gc.ca/site/fra/extraction</gmd:URL>
                </gmd:linkage>
                <gmd:protocol>
                  <gco:CharacterString>HTTP</gco:CharacterString>
                </gmd:protocol>
                <gmd:name xsi:type="gmd:PT_FreeText_PropertyType">
                  <gco:CharacterString>Customized files (derived products, selectable extent) - Geospatial-Data Extraction tool (French)</gco:CharacterString>
                  <gmd:PT_FreeText>
                    <gmd:textGroup>
                      <gmd:LocalisedCharacterString locale="#fra">Fichiers personnalisés (produits dérivés, sélection de découpage) Outil d'extraction de données géospatiales (français)</gmd:LocalisedCharacterString>
                    </gmd:textGroup>
                  </gmd:PT_FreeText>
                </gmd:name>
                <gmd:description xsi:type="gmd:PT_FreeText_PropertyType">
                  <gco:CharacterString>Application;Web App;fra</gco:CharacterString>
                  <gmd:PT_FreeText>
                    <gmd:textGroup>
                      <gmd:LocalisedCharacterString locale="#fra">Application;Web App;fra</gmd:LocalisedCharacterString>
                    </gmd:textGroup>
                  </gmd:PT_FreeText>
                </gmd:description>
                <gmd:function>
                  <gmd:CI_OnLineFunctionCode codeList="http://nap.geogratis.gc.ca/metadata/register/napMetadataRegister.xml#IC_88" codeListValue="RI_375">download; téléchargement</gmd:CI_OnLineFunctionCode>
                </gmd:function>
              </gmd:CI_OnlineResource>
            </gmd:onLine>
            <gmd:onLine>
              <gmd:CI_OnlineResource>
                <gmd:linkage>
                  <gmd:URL>http://ftp.geogratis.gc.ca/pub/nrcan_rncan/elevation/cdem_mnec/</gmd:URL>
                </gmd:linkage>
                <gmd:protocol>
                  <gco:CharacterString>FTP</gco:CharacterString>
                </gmd:protocol>
                <gmd:name xsi:type="gmd:PT_FreeText_PropertyType">
                  <gco:CharacterString>Pre-packaged GeoTIF files (download directory)</gco:CharacterString>
                  <gmd:PT_FreeText>
                    <gmd:textGroup>
                      <gmd:LocalisedCharacterString locale="#fra">Fichiers GeoTIFF pré-emballés (répertoire de téléchargement)</gmd:LocalisedCharacterString>
                    </gmd:textGroup>
                  </gmd:PT_FreeText>
                </gmd:name>
                <gmd:description xsi:type="gmd:PT_FreeText_PropertyType">
                  <gco:CharacterString>Dataset;GeoTIF;eng,fra</gco:CharacterString>
                  <gmd:PT_FreeText>
                    <gmd:textGroup>
                      <gmd:LocalisedCharacterString locale="#fra">Données;GeoTIF;eng,fra</gmd:LocalisedCharacterString>
                    </gmd:textGroup>
                  </gmd:PT_FreeText>
                </gmd:description>
                <gmd:function>
                  <gmd:CI_OnLineFunctionCode codeList="http://nap.geogratis.gc.ca/metadata/register/napMetadataRegister.xml#IC_88" codeListValue="RI_376">information; information</gmd:CI_OnLineFunctionCode>
                </gmd:function>
              </gmd:CI_OnlineResource>
            </gmd:onLine>
            <gmd:onLine>
              <gmd:CI_OnlineResource>
                <gmd:linkage>
                  <gmd:URL>http://ftp.geogratis.gc.ca/pub/nrcan_rncan/elevation/cdem_mnec/doc/MNEC_specs_produit.pdf</gmd:URL>
                </gmd:linkage>
                <gmd:protocol>
                  <gco:CharacterString>HTTP</gco:CharacterString>
                </gmd:protocol>
                <gmd:name xsi:type="gmd:PT_FreeText_PropertyType">
                  <gco:CharacterString>Canadian Digital Elevation Model - Product Specifications (French)</gco:CharacterString>
                  <gmd:PT_FreeText>
                    <gmd:textGroup>
                      <gmd:LocalisedCharacterString locale="#fra">Modèle numérique d'élévation du Canada - Spécifications de produit (français)</gmd:LocalisedCharacterString>
                    </gmd:textGroup>
                  </gmd:PT_FreeText>
                </gmd:name>
                <gmd:description xsi:type="gmd:PT_FreeText_PropertyType">
                  <gco:CharacterString>Supporting Document;PDF;fra</gco:CharacterString>
                  <gmd:PT_FreeText>
                    <gmd:textGroup>
                      <gmd:LocalisedCharacterString locale="#fra">Document de soutien;PDF;fra</gmd:LocalisedCharacterString>
                    </gmd:textGroup>
                  </gmd:PT_FreeText>
                </gmd:description>
              </gmd:CI_OnlineResource>
            </gmd:onLine>
          </gmd:MD_DigitalTransferOptions>
        </gmd:transferOptions>
        <gmd:transferOptions>
          <gmd:MD_DigitalTransferOptions>
            <gmd:onLine>
              <gmd:CI_OnlineResource>
                <gmd:linkage>
                  <gmd:URL>http://ftp.geogratis.gc.ca/pub/nrcan_rncan/elevation/cdem_mnec/doc/CDEM_product_specs.pdf</gmd:URL>
                </gmd:linkage>
                <gmd:protocol>
                  <gco:CharacterString>HTTP</gco:CharacterString>
                </gmd:protocol>
                <gmd:name xsi:type="gmd:PT_FreeText_PropertyType">
                  <gco:CharacterString>Canadian Digital Elevation Model - Product Specifications (English)</gco:CharacterString>
                  <gmd:PT_FreeText>
                    <gmd:textGroup>
                      <gmd:LocalisedCharacterString locale="#fra">Modèle numérique d'élévation du Canada - Spécifications de produit (anglais)</gmd:LocalisedCharacterString>
                    </gmd:textGroup>
                  </gmd:PT_FreeText>
                </gmd:name>
                <gmd:description xsi:type="gmd:PT_FreeText_PropertyType">
                  <gco:CharacterString>Supporting Document;PDF;eng</gco:CharacterString>
                  <gmd:PT_FreeText>
                    <gmd:textGroup>
                      <gmd:LocalisedCharacterString locale="#fra">Document de soutien;PDF;eng</gmd:LocalisedCharacterString>
                    </gmd:textGroup>
                  </gmd:PT_FreeText>
                </gmd:description>
              </gmd:CI_OnlineResource>
            </gmd:onLine>
          </gmd:MD_DigitalTransferOptions>
        </gmd:transferOptions>
        <gmd:transferOptions>
          <gmd:MD_DigitalTransferOptions>
            <gmd:onLine>
              <gmd:CI_OnlineResource>
                <gmd:linkage>
                  <gmd:URL>http://ftp.geogratis.gc.ca/pub/nrcan_rncan/elevation/cdem_mnec/index/cdem_index_250k.kml</gmd:URL>
                </gmd:linkage>
                <gmd:protocol>
                  <gco:CharacterString>HTTP</gco:CharacterString>
                </gmd:protocol>
                <gmd:name xsi:type="gmd:PT_FreeText_PropertyType">
                  <gco:CharacterString>CDEM product index (drag and drop the kml file in Google Earth to localize your region of interest)</gco:CharacterString>
                  <gmd:PT_FreeText>
                    <gmd:textGroup>
                      <gmd:LocalisedCharacterString locale="#fra">Index du produit MNÉC (Glisser le fichier kml dans Google Earth pour pour localiser la région d'intérêt)</gmd:LocalisedCharacterString>
                    </gmd:textGroup>
                  </gmd:PT_FreeText>
                </gmd:name>
                <gmd:description xsi:type="gmd:PT_FreeText_PropertyType">
                  <gco:CharacterString>Dataset;KML;eng,fra</gco:CharacterString>
                  <gmd:PT_FreeText>
                    <gmd:textGroup>
                      <gmd:LocalisedCharacterString locale="#fra">Données;KML;eng,fra</gmd:LocalisedCharacterString>
                    </gmd:textGroup>
                  </gmd:PT_FreeText>
                </gmd:description>
              </gmd:CI_OnlineResource>
            </gmd:onLine>
          </gmd:MD_DigitalTransferOptions>
        </gmd:transferOptions>
        <gmd:transferOptions>
          <gmd:MD_DigitalTransferOptions>
            <gmd:onLine>
              <gmd:CI_OnlineResource>
                <gmd:linkage>
                  <gmd:URL>http://ftp.geogratis.gc.ca/pub/nrcan_rncan/vector/index/nts_snrc.zip</gmd:URL>
                </gmd:linkage>
                <gmd:protocol>
                  <gco:CharacterString>HTTP</gco:CharacterString>
                </gmd:protocol>
                <gmd:name xsi:type="gmd:PT_FreeText_PropertyType">
                  <gco:CharacterString>NTS Index</gco:CharacterString>
                  <gmd:PT_FreeText>
                    <gmd:textGroup>
                      <gmd:LocalisedCharacterString locale="#fra">Index SNRC</gmd:LocalisedCharacterString>
                    </gmd:textGroup>
                  </gmd:PT_FreeText>
                </gmd:name>
                <gmd:description xsi:type="gmd:PT_FreeText_PropertyType">
                  <gco:CharacterString>Dataset;SHP;eng,fra</gco:CharacterString>
                  <gmd:PT_FreeText>
                    <gmd:textGroup>
                      <gmd:LocalisedCharacterString locale="#fra">Données;SHP;eng,fra</gmd:LocalisedCharacterString>
                    </gmd:textGroup>
                  </gmd:PT_FreeText>
                </gmd:description>
              </gmd:CI_OnlineResource>
            </gmd:onLine>
          </gmd:MD_DigitalTransferOptions>
        </gmd:transferOptions>
      </gmd:MD_Distribution>
    </gmd:distributionInfo>
    <gmd:dataQualityInfo>
      <gmd:DQ_DataQuality>
        <gmd:scope>
          <gmd:DQ_Scope>
            <gmd:level>
              <gmd:MD_ScopeCode codeList="http://nap.geogratis.gc.ca/metadata/register/napMetadataRegister.xml#IC_108" codeListValue="RI_622">dataset; jeuDonnées</gmd:MD_ScopeCode>
            </gmd:level>
          </gmd:DQ_Scope>
        </gmd:scope>
        <gmd:lineage>
          <gmd:LI_Lineage>
            <gmd:processStep>
              <gmd:LI_ProcessStep>
                <gmd:description xsi:type="gmd:PT_FreeText_PropertyType">
                  <gco:CharacterString>The source digital data for the CDEM are the existing Canadian Digital Elevation Data (CDED). The latter were extracted from the hypsographic and hydrographic elements of the National Topographic Data Base (NTDB) at the scale of 1:50 000, the Geospatial Database (GDB), various scaled positional data acquired by the provinces and territories, or remotely sensed imagery.
The horizontal reference system is the North American Datum of 1983 (NAD83 (CSRS)); the vertical reference system is the Canadian Geodetic Vertical Datum of 1928 (CGVD28)).
Metadata describing the source data and the product generation process is made available when extracting a CDEM mosaic.</gco:CharacterString>
                  <gmd:PT_FreeText>
                    <gmd:textGroup>
                      <gmd:LocalisedCharacterString locale="#fra">Les données numériques sources du MNÉC sont les Données numériques d'élévation du Canada (DNEC) existantes. Ces dernières ont été extraites des éléments hypsographiques et hydrographiques de la Base nationale de données topographiques (BNDT) à l'échelle de 1/50 000, de la Base de données géospatiales (BDG), de données de position à diverses échelles acquises par les provinces et les territoires, ou d'images de télédétection.
Le système de référence planimétrique est le Système de référence nord-américain de 1983 (NAD83 (CSRS)). Le système de référence altimétrique est le Système canadien de référence altimétrique de 1928 (CGVD28).
Les métadonnées décrivant les données sources et les étapes du processus de génération du produit sont rendues disponibles au moment de l'extraction des mosaïques du MNÉC.</gmd:LocalisedCharacterString>
                    </gmd:textGroup>
                  </gmd:PT_FreeText>
                </gmd:description>
                <gmd:dateTime>
                  <gco:DateTime>2013-04-01T00:00:00</gco:DateTime>
                </gmd:dateTime>
                <gmd:processor>
                  <gmd:CI_ResponsibleParty>
                    <gmd:organisationName xsi:type="gmd:PT_FreeText_PropertyType">
                      <gco:CharacterString>Government of Canada; Natural Resources Canada, Earth Sciences Sector</gco:CharacterString>
                      <gmd:PT_FreeText>
                        <gmd:textGroup>
                          <gmd:LocalisedCharacterString locale="#fra">Gouvernement du Canada; Ressources naturelles Canada, Secteur des sciences de la Terre</gmd:LocalisedCharacterString>
                        </gmd:textGroup>
                      </gmd:PT_FreeText>
                    </gmd:organisationName>
                    <gmd:role>
                      <gmd:CI_RoleCode codeList="http://nap.geogratis.gc.ca/metadata/register/napMetadataRegister.xml#IC_90" codeListValue="RI_416">processor; traiteur</gmd:CI_RoleCode>
                    </gmd:role>
                  </gmd:CI_ResponsibleParty>
                </gmd:processor>
              </gmd:LI_ProcessStep>
            </gmd:processStep>
          </gmd:LI_Lineage>
        </gmd:lineage>
      </gmd:DQ_DataQuality>
    </gmd:dataQualityInfo>
  </gmd:MD_Metadata>

