<?xml version="1.0" encoding="UTF-8"?>
<gmd:MD_Metadata xsi:schemaLocation="http://www.isotc211.org/2005/gmd http://schemas.opengis.net/iso/19139/20060504/gmd/gmd.xsd" xmlns:gmd="http://www.isotc211.org/2005/gmd" xmlns:xsi="http://www.w3.org/2001/XMLSchema-instance"><gmd:fileIdentifier><gco:CharacterString xmlns:gco="http://www.isotc211.org/2005/gco">307288338</gco:CharacterString></gmd:fileIdentifier><gmd:language><gco:CharacterString xmlns:gco="http://www.isotc211.org/2005/gco">eng; CAN</gco:CharacterString></gmd:language><gmd:characterSet><gmd:MD_CharacterSetCode codeList="http://www.isotc211.org/2005/resources/Codelist/gmxCodelists.xml#MD_CharacterSetCode" codeListValue="utf8" codeSpace="004">utf8</gmd:MD_CharacterSetCode></gmd:characterSet><gmd:hierarchyLevel><gmd:MD_ScopeCode codeList="http://www.isotc211.org/2005/resources/Codelist/gmxCodelists.xml#MD_ScopeCode" codeListValue="dataset" codeSpace="005">dataset</gmd:MD_ScopeCode></gmd:hierarchyLevel><gmd:identificationInfo><gmd:MD_DataIdentification><gmd:citation><gmd:CI_Citation><gmd:title><gco:CharacterString xmlns:gco="http://www.isotc211.org/2005/gco">School Facility</gco:CharacterString></gmd:title><gmd:date><gmd:CI_Date><gmd:date><gco:Date xmlns:gco="http://www.isotc211.org/2005/gco">2005-05-31</gco:Date></gmd:date><gmd:dateType><gmd:CI_DateTypeCode codeList="http://www.isotc211.org/2005/resources/Codelist/gmxCodelists.xml#CI_DateTypeCode" codeListValue="creation" codeSpace="002">creation</gmd:CI_DateTypeCode></gmd:dateType></gmd:CI_Date></gmd:date><gmd:date><gmd:CI_Date><gmd:date><gco:Date xmlns:gco="http://www.isotc211.org/2005/gco">2005-12-31</gco:Date></gmd:date><gmd:dateType><gmd:CI_DateTypeCode codeList="http://www.isotc211.org/2005/resources/Codelist/gmxCodelists.xml#CI_DateTypeCode" codeListValue="revision" codeSpace="002">revision</gmd:CI_DateTypeCode></gmd:dateType></gmd:CI_Date></gmd:date><gmd:edition><gco:CharacterString xmlns:gco="http://www.isotc211.org/2005/gco"/></gmd:edition><gmd:citedResponsibleParty><gmd:CI_ResponsibleParty><gmd:organisationName><gco:CharacterString xmlns:gco="http://www.isotc211.org/2005/gco">Ontario Ministry of Natural Resources</gco:CharacterString></gmd:organisationName><gmd:contactInfo><gmd:CI_Contact><gmd:address><gmd:CI_Address><gmd:city><gco:CharacterString xmlns:gco="http://www.isotc211.org/2005/gco">Peterborough</gco:CharacterString></gmd:city><gmd:administrativeArea><gco:CharacterString xmlns:gco="http://www.isotc211.org/2005/gco">Ontario</gco:CharacterString></gmd:administrativeArea><gmd:country><gco:CharacterString xmlns:gco="http://www.isotc211.org/2005/gco">Canada</gco:CharacterString></gmd:country></gmd:CI_Address></gmd:address></gmd:CI_Contact></gmd:contactInfo><gmd:role><gmd:CI_RoleCode codeList="http://www.isotc211.org/2005/resources/Codelist/gmxCodelists.xml#CI_RoleCode" codeListValue="publisher" codeSpace="002">publisher</gmd:CI_RoleCode></gmd:role></gmd:CI_ResponsibleParty></gmd:citedResponsibleParty></gmd:CI_Citation></gmd:citation><gmd:abstract><gco:CharacterString xmlns:gco="http://www.isotc211.org/2005/gco">&lt;p&gt;This data set is a point coverage that can be used to identify the location of all English Public, English Catholic, French Public, and French Catholic schools in Ontario.&lt;/p&gt; &lt;p&gt;Supplementary tables can be used and are available for download from the additional documentation section.&lt;/p&gt;</gco:CharacterString></gmd:abstract><gmd:purpose><gco:CharacterString xmlns:gco="http://www.isotc211.org/2005/gco">The intended use of the school locations is to provide member Ministries with a data layer that will place the location of school facilities in context with any of the member Ministry's data sets</gco:CharacterString></gmd:purpose><gmd:status><gmd:MD_ProgressCode codeList="http://www.isotc211.org/2005/resources/Codelist/gmxCodelists.xml#MD_ProgressCode" codeListValue="onGoing" codeSpace="001">onGoing</gmd:MD_ProgressCode></gmd:status><gmd:environmentDescription><gco:CharacterString xmlns:gco="http://www.isotc211.org/2005/gco"/></gmd:environmentDescription><gmd:spatialRepresentationType><gmd:MD_SpatialRepresentationTypeCode codeList="http://www.isotc211.org/2005/resources/Codelist/gmxCodelists.xml#MD_SpatialRepresentationTypeCode" codeListValue="vector" codeSpace="001">vector</gmd:MD_SpatialRepresentationTypeCode></gmd:spatialRepresentationType><gmd:language><gco:CharacterString xmlns:gco="http://www.isotc211.org/2005/gco">eng; CAN</gco:CharacterString></gmd:language><gmd:characterSet><gmd:MD_CharacterSetCode codeList="http://www.isotc211.org/2005/resources/Codelist/gmxCodelists.xml#MD_CharacterSetCode" codeListValue="utf8">utf8</gmd:MD_CharacterSetCode></gmd:characterSet><gmd:topicCategory><gmd:MD_TopicCategoryCode codeList="http://www.isotc211.org/2005/resources/Codelist/gmxCodelists.xml#MD_TopicCategory" codeListValue="society" codeSpace="001">society</gmd:MD_TopicCategoryCode></gmd:topicCategory><gmd:supplementalInformation><gco:CharacterString xmlns:gco="http://www.isotc211.org/2005/gco">Measure Description: Horizontal: Reliable: +/- 100 m; Vertical: Reliable: +/- 5 m.</gco:CharacterString></gmd:supplementalInformation><gmd:resourceMaintenance><gmd:MD_MaintenanceInformation><gmd:maintenanceAndUpdateFrequency><gmd:MD_MaintenanceFrequencyCode codeList="http://www.isotc211.org/2005/resources/Codelist/gmxCodelists.xml#MD_MaintenanceFrequencyCode" codeListValue="annually" codeSpace="006">annually</gmd:MD_MaintenanceFrequencyCode></gmd:maintenanceAndUpdateFrequency></gmd:MD_MaintenanceInformation></gmd:resourceMaintenance><gmd:graphicOverview><gmd:MD_BrowseGraphic><gmd:fileName><gco:CharacterString xmlns:gco="http://www.isotc211.org/2005/gco">http://images.scholarsportal.info/gis/thumbnails/OGDE/OGDE_SCHOOLFA.png</gco:CharacterString></gmd:fileName><gmd:fileDescription><gco:CharacterString xmlns:gco="http://www.isotc211.org/2005/gco">Thumbnail</gco:CharacterString></gmd:fileDescription><gmd:fileType xsi:type="napm:napMD_FileFormatCode_PropertyType" codeList="http://www.geoconnections.org/nap/metadata/register/napMetadataRegister.xml#IC_115" codeListValue="RI_711"><gco:CharacterString xmlns:gco="http://www.isotc211.org/2005/gco">png</gco:CharacterString></gmd:fileType></gmd:MD_BrowseGraphic></gmd:graphicOverview><gmd:extent><gmd:EX_Extent><gmd:geographicElement><gmd:EX_GeographicBoundingBox><gmd:westBoundLongitude><gco:Decimal xmlns:gco="http://www.isotc211.org/2005/gco">-94.563700</gco:Decimal></gmd:westBoundLongitude><gmd:eastBoundLongitude><gco:Decimal xmlns:gco="http://www.isotc211.org/2005/gco">-74.471020</gco:Decimal></gmd:eastBoundLongitude><gmd:southBoundLatitude><gco:Decimal xmlns:gco="http://www.isotc211.org/2005/gco">41.806950</gco:Decimal></gmd:southBoundLatitude><gmd:northBoundLatitude><gco:Decimal xmlns:gco="http://www.isotc211.org/2005/gco">51.466300</gco:Decimal></gmd:northBoundLatitude><boundingbox><area>194.082228558</area><upperleft><Point xmlns="http://earth.google.com/kml/2.0"><coordinates>-94.563700,51.466300</coordinates></Point></upperleft><upperright><Point xmlns="http://earth.google.com/kml/2.0"><coordinates>-74.471020,51.466300</coordinates></Point></upperright><lowerleft><Point xmlns="http://earth.google.com/kml/2.0"><coordinates>-94.563700,41.806950</coordinates></Point></lowerleft><lowerright><Point xmlns="http://earth.google.com/kml/2.0"><coordinates>-74.471020,41.806950</coordinates></Point></lowerright></boundingbox></gmd:EX_GeographicBoundingBox></gmd:geographicElement><gmd:temporalElement><gmd:EX_TemporalExtent><gmd:extent><gml:TimePeriod gml:id="boundingTemporalExtent" xmlns:gml="http://www.opengis.net/gml/3.2"><gml:description/><gml:beginPosition/><gml:endPosition/></gml:TimePeriod></gmd:extent></gmd:EX_TemporalExtent></gmd:temporalElement><gmd:description><gmd:CharacterString>Extent description</gmd:CharacterString></gmd:description></gmd:EX_Extent></gmd:extent><gmd:resourceConstraints><gmd:MD_Constraints/><gmd:MD_LegalConstraints><gmd:accessConstraints><gmd:MD_RestrictionCode codeList="http://www.isotc211.org/2005/resources/Codelist/gmxCodelists.xml#MD_RestrictionCode" codeListValue="license" codeSpace="008">license</gmd:MD_RestrictionCode></gmd:accessConstraints><gmd:useConstraints><gmd:MD_RestrictionCode codeList="http://www.isotc211.org/2005/resources/Codelist/gmxCodelists.xml#MD_RestrictionCode" codeListValue="otherRestrictions" codeSpace="008">otherRestrictions</gmd:MD_RestrictionCode></gmd:useConstraints><gmd:otherConstraints><gco:CharacterString xmlns:gco="http://www.isotc211.org/2005/gco">The data is restricted to use by current student, faculty and staff at Ontario Universities who are members of the Ontario Geospatial Data Exchange (OGDE) See: http://www.mnr.gov.on.ca/en/Business/LIO/2ColumnSubPage/STEL02_167959.html</gco:CharacterString></gmd:otherConstraints></gmd:MD_LegalConstraints></gmd:resourceConstraints><gmd:descriptiveKeywords><gmd:MD_Keywords><gmd:keyword><gco:CharacterString xmlns:gco="http://www.isotc211.org/2005/gco">SCHOOL</gco:CharacterString></gmd:keyword><gmd:keyword><gco:CharacterString xmlns:gco="http://www.isotc211.org/2005/gco">SCHOOL LOCATIONS</gco:CharacterString></gmd:keyword><gmd:keyword><gco:CharacterString xmlns:gco="http://www.isotc211.org/2005/gco">EDUCATION</gco:CharacterString></gmd:keyword><gmd:keyword><gco:CharacterString xmlns:gco="http://www.isotc211.org/2005/gco">ENGLISH PUBLIC</gco:CharacterString></gmd:keyword><gmd:keyword><gco:CharacterString xmlns:gco="http://www.isotc211.org/2005/gco">ENGLISH CATHOLIC</gco:CharacterString></gmd:keyword><gmd:keyword><gco:CharacterString xmlns:gco="http://www.isotc211.org/2005/gco">FRENCH PUBLIC</gco:CharacterString></gmd:keyword><gmd:keyword><gco:CharacterString xmlns:gco="http://www.isotc211.org/2005/gco">FRENCH CATHOLIC</gco:CharacterString></gmd:keyword><gmd:keyword><gco:CharacterString xmlns:gco="http://www.isotc211.org/2005/gco">SCHOOLS</gco:CharacterString></gmd:keyword><gmd:keyword><gco:CharacterString xmlns:gco="http://www.isotc211.org/2005/gco">SCHOOL FACILITY</gco:CharacterString></gmd:keyword><gmd:keyword><gco:CharacterString xmlns:gco="http://www.isotc211.org/2005/gco">PUBLIC SCHOOLS</gco:CharacterString></gmd:keyword><gmd:keyword><gco:CharacterString xmlns:gco="http://www.isotc211.org/2005/gco">CATHOLIC SCHOOLS</gco:CharacterString></gmd:keyword><gmd:keyword><gco:CharacterString xmlns:gco="http://www.isotc211.org/2005/gco">ENGLISH SCHOOLS</gco:CharacterString></gmd:keyword><gmd:keyword><gco:CharacterString xmlns:gco="http://www.isotc211.org/2005/gco">FRENCH SCHOOLS</gco:CharacterString></gmd:keyword><gmd:type><gmd:MD_KeywordTypeCode codeList="http://www.isotc211.org/2005/resources/Codelist/gmxCodelists.xml#MD_KeywordTypeCode" codeListValue="theme" codeSpace="005">theme</gmd:MD_KeywordTypeCode></gmd:type><gmd:thesaurusName><gmd:CI_Citation><gmd:title><gco:CharacterString xmlns:gco="http://www.isotc211.org/2005/gco">NA</gco:CharacterString></gmd:title><gmd:date><gmd:CI_Date><gmd:date><gco:Date xmlns:gco="http://www.isotc211.org/2005/gco"/></gmd:date></gmd:CI_Date></gmd:date></gmd:CI_Citation></gmd:thesaurusName></gmd:MD_Keywords></gmd:descriptiveKeywords><gmd:descriptiveKeywords><gmd:MD_Keywords><gmd:keyword><gco:CharacterString xmlns:gco="http://www.isotc211.org/2005/gco">EDUCATION</gco:CharacterString></gmd:keyword><gmd:type><gmd:MD_KeywordTypeCode codeList="http://www.isotc211.org/2005/resources/Codelist/gmxCodelists.xml#MD_KeywordTypeCode" codeListValue="theme" codeSpace="005">theme</gmd:MD_KeywordTypeCode></gmd:type><gmd:thesaurusName><gmd:CI_Citation><gmd:title><gco:CharacterString xmlns:gco="http://www.isotc211.org/2005/gco">Ontario Ministry of Natural Resources (OMNR) Thesaurus</gco:CharacterString></gmd:title><gmd:date><gmd:CI_Date><gmd:date><gco:Date xmlns:gco="http://www.isotc211.org/2005/gco">1972-06-22</gco:Date></gmd:date><gmd:dateType><gmd:CI_DateTypeCode codeList="http://www.geoconnections.org/nap/metadata/register/napMetadataRegister.xml#IC_87" codeListValue="RI_366">creation</gmd:CI_DateTypeCode></gmd:dateType></gmd:CI_Date></gmd:date><gmd:date><gmd:CI_Date><gmd:date><gco:Date xmlns:gco="http://www.isotc211.org/2005/gco">2009</gco:Date></gmd:date><gmd:dateType><gmd:CI_DateTypeCode codeList="http://www.geoconnections.org/nap/metadata/register/napMetadataRegister.xml#IC_87" codeListValue="RI_368">revision</gmd:CI_DateTypeCode></gmd:dateType></gmd:CI_Date></gmd:date><gmd:edition><gco:CharacterString xmlns:gco="http://www.isotc211.org/2005/gco">Originally created to catalogue documents stored in the OMNR library and since modified.</gco:CharacterString></gmd:edition><gmd:citedResponsibleParty><gmd:CI_ResponsibleParty><gmd:organisationName><gco:CharacterString xmlns:gco="http://www.isotc211.org/2005/gco">Ministry of Natural Resources</gco:CharacterString></gmd:organisationName><gmd:role><gmd:CI_RoleCode codeList="http://www.geoconnections.org/nap/metadata/register/napMetadataRegister.xml#IC_90" codeListValue="RI_414">originator</gmd:CI_RoleCode></gmd:role></gmd:CI_ResponsibleParty></gmd:citedResponsibleParty></gmd:CI_Citation></gmd:thesaurusName></gmd:MD_Keywords></gmd:descriptiveKeywords><gmd:descriptiveKeywords><gmd:MD_Keywords><gmd:keyword><gco:CharacterString xmlns:gco="http://www.isotc211.org/2005/gco">Schools</gco:CharacterString></gmd:keyword><gmd:keyword><gco:CharacterString xmlns:gco="http://www.isotc211.org/2005/gco">École</gco:CharacterString></gmd:keyword><gmd:keyword><gco:CharacterString xmlns:gco="http://www.isotc211.org/2005/gco">Education</gco:CharacterString></gmd:keyword><gmd:keyword><gco:CharacterString xmlns:gco="http://www.isotc211.org/2005/gco">Éducation / Enseignement</gco:CharacterString></gmd:keyword><gmd:keyword><gco:CharacterString xmlns:gco="http://www.isotc211.org/2005/gco">Public schools</gco:CharacterString></gmd:keyword><gmd:keyword><gco:CharacterString xmlns:gco="http://www.isotc211.org/2005/gco">École publique</gco:CharacterString></gmd:keyword><gmd:type><gmd:MD_KeywordTypeCode codeList="http://www.isotc211.org/2005/resources/Codelist/gmxCodelists.xml#MD_KeywordTypeCode" codeListValue="theme" codeSpace="005">theme</gmd:MD_KeywordTypeCode></gmd:type><gmd:thesaurusName><gmd:CI_Citation><gmd:title><gco:CharacterString xmlns:gco="http://www.isotc211.org/2005/gco">Government of Canada Core Subject Thesaurus</gco:CharacterString></gmd:title><gmd:date><gmd:CI_Date><gmd:date><gco:Date xmlns:gco="http://www.isotc211.org/2005/gco">May 16, 2011</gco:Date></gmd:date><gmd:dateType><gmd:CI_DateTypeCode codeList="http://www.geoconnections.org/nap/metadata/register/napMetadataRegister.xml#IC_87" codeListValue="RI_366">revision</gmd:CI_DateTypeCode></gmd:dateType></gmd:CI_Date></gmd:date><gmd:citedResponsibleParty><gmd:CI_ResponsibleParty><gmd:organisationName><gco:CharacterString xmlns:gco="http://www.isotc211.org/2005/gco">Library and Archives Canada</gco:CharacterString></gmd:organisationName><gmd:role><gmd:CI_RoleCode codeList="http://www.geoconnections.org/nap/metadata/register/napMetadataRegister.xml#IC_90" codeListValue="RI_414">originator</gmd:CI_RoleCode></gmd:role></gmd:CI_ResponsibleParty></gmd:citedResponsibleParty></gmd:CI_Citation></gmd:thesaurusName></gmd:MD_Keywords></gmd:descriptiveKeywords><gmd:descriptiveKeywords><gmd:MD_Keywords><gmd:keyword><gco:CharacterString xmlns:gco="http://www.isotc211.org/2005/gco">Continent &gt; North America &gt; Canada &gt; Ontario</gco:CharacterString></gmd:keyword><gmd:type><gmd:MD_KeywordTypeCode codeList="http://www.isotc211.org/2005/resources/Codelist/gmxCodelists.xml#MD_KeywordTypeCode" codeListValue="place" codeSpace="ISOTC211/19115">place</gmd:MD_KeywordTypeCode></gmd:type><gmd:thesaurusName><gmd:CI_Citation><gmd:title><gco:CharacterString xmlns:gco="http://www.isotc211.org/2005/gco">Global Change Master Directory (GCMD) Location Keywords</gco:CharacterString></gmd:title><gmd:date><gmd:CI_Date><gmd:date><gco:Date xmlns:gco="http://www.isotc211.org/2005/gco">2007</gco:Date></gmd:date><gmd:dateType><gmd:CI_DateTypeCode codeList="http://www.isotc211.org/2005/resources/Codelist/gmxCodelists.xml#CI_DateTypeCode" codeListValue="creation">creation</gmd:CI_DateTypeCode></gmd:dateType></gmd:CI_Date></gmd:date><gmd:citedResponsibleParty><gmd:CI_ResponsibleParty><gmd:organisationName><gco:CharacterString xmlns:gco="http://www.isotc211.org/2005/gco">NASA/Global Change Master Directory (GCMD)</gco:CharacterString></gmd:organisationName><gmd:role><gmd:CI_RoleCode codeList="http://www.isotc211.org/2005/resources/Codelist/gmxCodelists.xml#CI_RoleCode" codeListValue="originator">originator</gmd:CI_RoleCode></gmd:role></gmd:CI_ResponsibleParty></gmd:citedResponsibleParty></gmd:CI_Citation></gmd:thesaurusName></gmd:MD_Keywords></gmd:descriptiveKeywords></gmd:MD_DataIdentification></gmd:identificationInfo><gmd:dateStamp><gco:Date xmlns:gco="http://www.isotc211.org/2005/gco">2014-03-10</gco:Date></gmd:dateStamp><gmd:metadataStandardName><gco:CharacterString xmlns:gco="http://www.isotc211.org/2005/gco">
            North American Profile of ISO19115:2003 - Geographic Information
        </gco:CharacterString></gmd:metadataStandardName><gmd:metadataStandardVersion><gco:CharacterString xmlns:gco="http://www.isotc211.org/2005/gco">2009</gco:CharacterString></gmd:metadataStandardVersion><gmd:referenceSystemInfo><gmd:MD_ReferenceSystem><gmd:referenceSystemIdentifier><gmd:RS_Identifier><gmd:code><gco:CharacterString xmlns:gco="http://www.isotc211.org/2005/gco">4269</gco:CharacterString></gmd:code><gmd:codeSpace><gco:CharacterString xmlns:gco="http://www.isotc211.org/2005/gco">http://www.epsg-registry.org/</gco:CharacterString></gmd:codeSpace></gmd:RS_Identifier></gmd:referenceSystemIdentifier></gmd:MD_ReferenceSystem></gmd:referenceSystemInfo><gmd:contact><gmd:CI_ResponsibleParty><gmd:organisationName><gco:CharacterString xmlns:gco="http://www.isotc211.org/2005/gco">Scholars Portal, Ontario Council of University Libraries</gco:CharacterString></gmd:organisationName><gmd:contactInfo><gmd:CI_Contact><gmd:address><gmd:CI_Address><gmd:city><gco:CharacterString xmlns:gco="http://www.isotc211.org/2005/gco">Toronto</gco:CharacterString></gmd:city><gmd:administrativeArea><gco:CharacterString xmlns:gco="http://www.isotc211.org/2005/gco">Ontario</gco:CharacterString></gmd:administrativeArea><gmd:country><gco:CharacterString xmlns:gco="http://www.isotc211.org/2005/gco">Canada</gco:CharacterString></gmd:country></gmd:CI_Address></gmd:address><gmd:onlineResource><gmd:CI_OnlineResource><gmd:linkage><gmd:URL/></gmd:linkage></gmd:CI_OnlineResource></gmd:onlineResource><gmd:contactInstructions><gco:CharacterString xmlns:gco="http://www.isotc211.org/2005/gco">gis@scholarsportal.info</gco:CharacterString></gmd:contactInstructions></gmd:CI_Contact></gmd:contactInfo><gmd:role><gmd:CI_RoleCode codeList="http://www.isotc211.org/2005/resources/Codelist/gmxCodelists.xml#CI_RoleCode" codeListValue="pointOfContact" codeSpace="002">pointOfContact</gmd:CI_RoleCode></gmd:role></gmd:CI_ResponsibleParty></gmd:contact><gmd:spatialRepresentationInfo><gmd:MD_VectorSpatialRepresentation><gmd:geometricObjects><gmd:MD_GeometricObjects><gmd:geometricObjectType><gmd:MD_GeometricObjectTypeCode codeList="http://www.isotc211.org/2005/resources/Codelist/gmxCodelists.xml#MD_GeometricObjectTypeCode" codeListValue="point" codeSpace="003">point</gmd:MD_GeometricObjectTypeCode></gmd:geometricObjectType><gmd:geometricObjectCount><gco:Integer xmlns:gco="http://www.isotc211.org/2005/gco">5181</gco:Integer></gmd:geometricObjectCount></gmd:MD_GeometricObjects></gmd:geometricObjects></gmd:MD_VectorSpatialRepresentation></gmd:spatialRepresentationInfo><sp:sp-custom xmlns:sp="http://scholarsportal.info"><theme-keyword>SCHOOL</theme-keyword><theme-keyword>SCHOOL LOCATIONS</theme-keyword><theme-keyword>EDUCATION</theme-keyword><theme-keyword>ENGLISH PUBLIC</theme-keyword><theme-keyword>ENGLISH CATHOLIC</theme-keyword><theme-keyword>FRENCH PUBLIC</theme-keyword><theme-keyword>FRENCH CATHOLIC</theme-keyword><theme-keyword>SCHOOLS</theme-keyword><theme-keyword>SCHOOL FACILITY</theme-keyword><theme-keyword>PUBLIC SCHOOLS</theme-keyword><theme-keyword>CATHOLIC SCHOOLS</theme-keyword><theme-keyword>ENGLISH SCHOOLS</theme-keyword><theme-keyword>FRENCH SCHOOLS</theme-keyword><theme-keyword-cst>Schools</theme-keyword-cst><theme-keyword-cst>École</theme-keyword-cst><theme-keyword-cst>Education</theme-keyword-cst><theme-keyword-cst>Éducation / Enseignement</theme-keyword-cst><theme-keyword-cst>Public schools</theme-keyword-cst><theme-keyword-cst>École publique</theme-keyword-cst><theme-keyword-mnr>EDUCATION</theme-keyword-mnr><place-category>Continent</place-category><place-type>North America</place-type><place-subregion1>Canada</place-subregion1><place-subregion2>Ontario</place-subregion2><sp:publish-date>2005-05-31</sp:publish-date><sp:publish-date>2005-12-31</sp:publish-date><sp:publisher>Ontario Ministry of Natural Resources</sp:publisher><sp:spatialResolution/><userguides><guide><label>Waterpower Generation Station - Data Description</label><link>http:__maps.scholarsportal.info/files/PDFS/public/OGDE/SCHOOLFA/DataDescription.pdf</link></guide><guide><label>Supplementary Tables (.zip)</label><link>http:__maps.scholarsportal.info/files/zips/OGDE/OGDE_SCHOOLFA_AdditionalTables.zip</link></guide></userguides><externalguides/><holdings>/zips/OGDE/OGDE_SCHOOLFA.zip</holdings><notdownloadable>0</notdownloadable><notqueryable>0</notqueryable><sp:production-date>2014-06-20-04:00</sp:production-date></sp:sp-custom><gmd:distributionInfo><gmd:MD_Distribution><gmd:transferOptions><gmd:MD_DigitalTransferOptions><gmd:transferSize><gco:Real xmlns:gco="http://www.isotc211.org/2005/gco"/></gmd:transferSize><gmd:online><gmd:CI_OnlineResource><gmd:linkage><gmd:URL>/ArcGIS/rest/services/OGDE/OGDE_SCHOOLFA/MapServer</gmd:URL></gmd:linkage><gmd:protocol><gco:CharacterString xmlns:gco="http://www.isotc211.org/2005/gco">http</gco:CharacterString></gmd:protocol><gmd:description><gco:CharacterString xmlns:gco="http://www.isotc211.org/2005/gco">Tiled map service (vector)</gco:CharacterString></gmd:description></gmd:CI_OnlineResource></gmd:online></gmd:MD_DigitalTransferOptions></gmd:transferOptions><gmd:distributor><gmd:MD_Distributor><gmd:distributorContact><gmd:CI_ResponsibleParty><gmd:organisationName><gco:CharacterString xmlns:gco="http://www.isotc211.org/2005/gco">Ontario Geospatial Data Exchange, Ministry of Natural Resources (OMNR)</gco:CharacterString></gmd:organisationName><gmd:contactInfo><gmd:CI_Contact><gmd:address><gmd:CI_Address><gmd:city><gco:CharacterString xmlns:gco="http://www.isotc211.org/2005/gco">Peterborough</gco:CharacterString></gmd:city><gmd:administrativeArea><gco:CharacterString xmlns:gco="http://www.isotc211.org/2005/gco">Ontario</gco:CharacterString></gmd:administrativeArea><gmd:country><gco:CharacterString xmlns:gco="http://www.isotc211.org/2005/gco">Canada</gco:CharacterString></gmd:country><gmd:linkage><gmd:URL/></gmd:linkage></gmd:CI_Address></gmd:address><gmd:onlineResource><gmd:CI_OnlineResource><gmd:linkage><gmd:URL/></gmd:linkage></gmd:CI_OnlineResource></gmd:onlineResource></gmd:CI_Contact></gmd:contactInfo><gmd:role><gmd:CI_RoleCode codeList="http://www.isotc211.org/2005/resources/Codelist/gmxCodelists.xml#CI_RoleCode" codeListValue="distributor" codeSpace="007">distributor</gmd:CI_RoleCode></gmd:role></gmd:CI_ResponsibleParty></gmd:distributorContact></gmd:MD_Distributor></gmd:distributor></gmd:MD_Distribution></gmd:distributionInfo><gmd:metadataMaintenance><gmd:MD_MaintenanceInformation><gmd:maintenanceNote><gco:CharacterString xmlns:gco="http://www.isotc211.org/2005/gco">a8762118-c61f-464a-92f5-b359457d3ff8</gco:CharacterString></gmd:maintenanceNote><gmd:contact><gmd:CI_ResponsibleParty><gmd:organisationName><gco:CharacterString xmlns:gco="http://www.isotc211.org/2005/gco">Ministry of Natural Resources</gco:CharacterString></gmd:organisationName><gmd:contactInfo><gmd:CI_Contact><gmd:address><gmd:CI_Address><gmd:city><gco:CharacterString xmlns:gco="http://www.isotc211.org/2005/gco">Peterborough</gco:CharacterString></gmd:city><gmd:administrativeArea><gco:CharacterString xmlns:gco="http://www.isotc211.org/2005/gco">Ontario</gco:CharacterString></gmd:administrativeArea><gmd:country><gco:CharacterString xmlns:gco="http://www.isotc211.org/2005/gco">Canada</gco:CharacterString></gmd:country></gmd:CI_Address></gmd:address></gmd:CI_Contact></gmd:contactInfo><gmd:role><gmd:CI_RoleCode codeList="http://www.isotc211.org/2005/resources/Codelist/gmxCodelists.xml#CI_RoleCode" codeListValue="custodian" codeSpace="002">custodian</gmd:CI_RoleCode></gmd:role></gmd:CI_ResponsibleParty></gmd:contact><gmd:contact><gmd:CI_ResponsibleParty><gmd:organisationName><gco:CharacterString xmlns:gco="http://www.isotc211.org/2005/gco">Scholars Portal, Ontario Council of University Libraries</gco:CharacterString></gmd:organisationName><gmd:contactInfo><gmd:CI_Contact><gmd:address><gmd:CI_Address><gmd:city><gco:CharacterString xmlns:gco="http://www.isotc211.org/2005/gco">Toronto</gco:CharacterString></gmd:city><gmd:administrativeArea><gco:CharacterString xmlns:gco="http://www.isotc211.org/2005/gco">Ontario</gco:CharacterString></gmd:administrativeArea><gmd:country><gco:CharacterString xmlns:gco="http://www.isotc211.org/2005/gco">Canada</gco:CharacterString></gmd:country></gmd:CI_Address></gmd:address></gmd:CI_Contact></gmd:contactInfo><gmd:role><gmd:CI_RoleCode codeList="http://www.isotc211.org/2005/resources/Codelist/gmxCodelists.xml#CI_RoleCode" codeListValue="pointOfContact" codeSpace="002">pointOfContact</gmd:CI_RoleCode></gmd:role></gmd:CI_ResponsibleParty></gmd:contact></gmd:MD_MaintenanceInformation></gmd:metadataMaintenance><gmd:dataQualityInfo><gmd:DQ_DataQuality><gmd:scope><gmd:DQ_Scope><gmd:level><gmd:MD_ScopeCode codeList="http://www.tc211.org/ISO19139/resources/codeList.xml#MD_ScopeCode" codeListValue="dataset">dataset</gmd:MD_ScopeCode></gmd:level></gmd:DQ_Scope></gmd:scope><gmd:lineage><gmd:LI_Lineage><gmd:statement><gco:CharacterString xmlns:gco="http://www.isotc211.org/2005/gco"/></gmd:statement></gmd:LI_Lineage></gmd:lineage></gmd:DQ_DataQuality></gmd:dataQualityInfo></gmd:MD_Metadata>
