﻿Geographic code,Geographic name,"Geographic Name, province or territory","Geographic Code, province or territory",Global non-response rate,Data quality flag,Sex,Total (2016 Counts),Broad Age Groups: 0 to 14 (2016 Counts),Broad Age Groups: 15 to 64 (2016 Counts),Broad Age Groups: 65 years and over (2016 Counts),Broad Age Groups: 85 years and over (2016 Counts),Total (2011 Counts),Broad Age Groups: 0 to 14 (2011 Counts),Broad Age Groups: 15 to 64 (2011 Counts),Broad Age Groups: 65 years and over (2011 Counts),Broad Age Groups: 85 years and over (2011 Counts),Total (% Distribution 2016),Broad Age Groups: 0 to 14 (% Distribution 2016) ,Broad Age Groups: 15 to 64 (% Distribution 2016),Broad Age Groups: 65 years and over (% Distribution 2016),Broad Age Groups: 85 years and over (% Distribution 2016),Total (% Distribution 2011),Broad Age Groups: 0 to 14 (% Distribution 2011) ,Broad Age Groups: 15 to 64 (% Distribution 2011),Broad Age Groups: 65 years and over (% Distribution 2011),Broad Age Groups: 85 years and over (% Distribution 2011),Total (Percent Change 2011 to 2016),Broad Age Groups: 0 to 14 (Percent Change 2011 to 2016),Broad Age Groups: 15 to 64 (Percent Change 2011 to 2016),Broad Age Groups: 65 years and over (Percent Change 2011 to 2016),Broad Age Groups: 85 years and over (Percent Change 2011 to 2016)
1010,Avalon Peninsula,Newfoundland and Labrador,10,3.7,00000,Both sexes,270350,40630,183680,46040,4305,262410,40075,184720,37615,4205,100,15,67.9,17,1.6,100,15.3,70.4,14.3,1.6,3,1.4,-0.6,22.4,2.4
1010,Avalon Peninsula,Newfoundland and Labrador,10,3.7,00000,Male,131475,20760,89725,20990,1355,126920,20510,89810,16600,1250,100,15.8,68.2,16,1,100,16.2,70.8,13.1,1,3.6,1.2,-0.1,26.4,8.4
1010,Avalon Peninsula,Newfoundland and Labrador,10,3.7,00000,Female,138875,19865,93950,25045,2950,135490,19570,94910,21010,2950,100,14.3,67.7,18,2.1,100,14.4,70,15.5,2.2,2.5,1.5,-1,19.2,0
1020,South Coast--Burin Peninsula,Newfoundland and Labrador,10,4.2,00000,Both sexes,35935,4385,23155,8395,725,37660,5130,25990,6540,600,100,12.2,64.4,23.4,2,100,13.6,69,17.4,1.6,-4.6,-14.5,-10.9,28.4,20.8
1020,South Coast--Burin Peninsula,Newfoundland and Labrador,10,4.2,00000,Male,17710,2260,11505,3950,260,18620,2635,12955,3030,200,100,12.8,65,22.3,1.5,100,14.2,69.6,16.3,1.1,-4.9,-14.2,-11.2,30.4,30
1020,South Coast--Burin Peninsula,Newfoundland and Labrador,10,4.2,00000,Female,18220,2125,11650,4450,465,19035,2500,13035,3505,400,100,11.7,63.9,24.4,2.6,100,13.1,68.5,18.4,2.1,-4.3,-15,-10.6,27,16.3
1030,West Coast--Northern Peninsula--Labrador,Newfoundland and Labrador,10,4.7,00000,Both sexes,105205,15480,69030,20695,1905,105360,16275,72450,16635,1550,100,14.7,65.6,19.7,1.8,100,15.4,68.8,15.8,1.5,-0.1,-4.9,-4.7,24.4,22.9
1030,West Coast--Northern Peninsula--Labrador,Newfoundland and Labrador,10,4.7,00000,Male,51755,7975,33830,9950,720,51640,8310,35435,7895,545,100,15.4,65.4,19.2,1.4,100,16.1,68.6,15.3,1.1,0.2,-4,-4.5,26,32.1
1030,West Coast--Northern Peninsula--Labrador,Newfoundland and Labrador,10,4.7,00000,Female,53450,7510,35200,10745,1185,53720,7970,37015,8740,1005,100,14.1,65.9,20.1,2.2,100,14.8,68.9,16.3,1.9,-0.5,-5.8,-4.9,22.9,17.9
1040,Notre Dame--Central Bonavista Bay,Newfoundland and Labrador,10,4.2,00000,Both sexes,108230,13945,68385,25900,2425,109110,15145,72650,21320,2200,100,12.9,63.2,23.9,2.2,100,13.9,66.6,19.5,2,-0.8,-7.9,-5.9,21.5,10.2
1040,Notre Dame--Central Bonavista Bay,Newfoundland and Labrador,10,4.2,00000,Male,52985,7210,33490,12280,905,53385,7810,35580,9995,810,100,13.6,63.2,23.2,1.7,100,14.6,66.6,18.7,1.5,-0.7,-7.7,-5.9,22.9,11.7
1040,Notre Dame--Central Bonavista Bay,Newfoundland and Labrador,10,4.2,00000,Female,55245,6735,34895,13615,1520,55720,7335,37065,11325,1395,100,12.2,63.2,24.6,2.8,100,13.2,66.5,20.3,2.5,-0.9,-8.2,-5.9,20.2,9
1110,Prince Edward Island,Prince Edward Island,11,4.1,00000,Both sexes,142905,22685,92510,27715,3080,140205,23060,94360,22785,2995,100,15.9,64.7,19.4,2.2,100,16.4,67.3,16.3,2.1,1.9,-1.6,-2,21.6,2.8
1110,Prince Edward Island,Prince Edward Island,11,4.1,00000,Male,69305,11570,45095,12640,1020,67600,11700,45765,10135,890,100,16.7,65.1,18.2,1.5,100,17.3,67.7,15,1.3,2.5,-1.1,-1.5,24.7,14.6
1110,Prince Edward Island,Prince Edward Island,11,4.1,00000,Female,73600,11115,47415,15070,2060,72605,11360,48590,12650,2105,100,15.1,64.4,20.5,2.8,100,15.6,66.9,17.4,2.9,1.4,-2.2,-2.4,19.1,-2.1
1210,Cape Breton,Nova Scotia,12,4.1,00000,Both sexes,132010,18310,82500,31195,3640,135975,19835,89400,26740,3505,100,13.9,62.5,23.6,2.8,100,14.6,65.7,19.7,2.6,-2.9,-7.7,-7.7,16.7,3.9
1210,Cape Breton,Nova Scotia,12,4.1,00000,Male,63080,9345,39720,14010,1155,64970,10175,43120,11675,1045,100,14.8,63,22.2,1.8,100,15.7,66.4,18,1.6,-2.9,-8.2,-7.9,20,10.5
1210,Cape Breton,Nova Scotia,12,4.1,00000,Female,68925,8960,42780,17185,2480,71000,9660,46280,15065,2465,100,13,62.1,24.9,3.6,100,13.6,65.2,21.2,3.5,-2.9,-7.2,-7.6,14.1,0.6
1220,North Shore,Nova Scotia,12,4.1,00000,Both sexes,151265,21970,94485,34805,4280,155695,23500,102620,29575,4115,100,14.5,62.5,23,2.8,100,15.1,65.9,19,2.6,-2.8,-6.5,-7.9,17.7,4
1220,North Shore,Nova Scotia,12,4.1,00000,Male,73170,11165,45980,16025,1410,75340,12035,50030,13275,1230,100,15.3,62.8,21.9,1.9,100,16,66.4,17.6,1.6,-2.9,-7.2,-8.1,20.7,14.6
1220,North Shore,Nova Scotia,12,4.1,00000,Female,78095,10805,48510,18785,2870,80355,11470,52590,16295,2885,100,13.8,62.1,24.1,3.7,100,14.3,65.4,20.3,3.6,-2.8,-5.8,-7.8,15.3,-0.5
1230,Annapolis Valley,Nova Scotia,12,3.9,00000,Both sexes,123750,18840,79030,25880,2940,123645,19615,82365,21670,2700,100,15.2,63.9,20.9,2.4,100,15.9,66.6,17.5,2.2,0.1,-4,-4,19.4,8.9
1230,Annapolis Valley,Nova Scotia,12,3.9,00000,Male,60235,9655,38645,11935,975,60175,10045,40375,9755,855,100,16,64.2,19.8,1.6,100,16.7,67.1,16.2,1.4,0.1,-3.9,-4.3,22.3,14
1230,Annapolis Valley,Nova Scotia,12,3.9,00000,Female,63515,9190,40385,13940,1965,63475,9565,41990,11925,1850,100,14.5,63.6,21.9,3.1,100,15.1,66.2,18.8,2.9,0.1,-3.9,-3.8,16.9,6.2
1240,Southern,Nova Scotia,12,4.1,00000,Both sexes,113185,14175,70250,28765,3595,116080,15650,76150,24280,3405,100,12.5,62.1,25.4,3.2,100,13.5,65.6,20.9,2.9,-2.5,-9.4,-7.7,18.5,5.6
1240,Southern,Nova Scotia,12,4.1,00000,Male,55065,7290,34475,13305,1240,56400,7955,37405,11040,1175,100,13.2,62.6,24.2,2.3,100,14.1,66.3,19.6,2.1,-2.4,-8.4,-7.8,20.5,5.5
1240,Southern,Nova Scotia,12,4.1,00000,Female,58115,6885,35775,15460,2355,59675,7690,38745,13240,2225,100,11.8,61.6,26.6,4.1,100,12.9,64.9,22.2,3.7,-2.6,-10.5,-7.7,16.8,5.8
1250,Halifax,Nova Scotia,12,3.7,00000,Both sexes,403390,60535,279680,63170,7190,390330,59615,279605,51105,6655,100,15,69.3,15.7,1.8,100,15.3,71.6,13.1,1.7,3.3,1.5,0,23.6,8
1250,Halifax,Nova Scotia,12,3.7,00000,Male,195330,30920,136280,28135,2355,188700,30560,135955,22185,1980,100,15.8,69.8,14.4,1.2,100,16.2,72,11.8,1,3.5,1.2,0.2,26.8,18.9
1250,Halifax,Nova Scotia,12,3.7,00000,Female,208060,29620,143400,35040,4835,201625,29055,143650,28925,4675,100,14.2,68.9,16.8,2.3,100,14.4,71.2,14.3,2.3,3.2,1.9,-0.2,21.1,3.4
1310,Campbellton--Miramichi,New Brunswick,13,4.1,00000,Both sexes,154350,18785,98990,36575,4135,158740,20675,107845,30220,3695,100,12.2,64.1,23.7,2.7,100,13,67.9,19,2.3,-2.8,-9.1,-8.2,21,11.9
1310,Campbellton--Miramichi,New Brunswick,13,4.1,00000,Male,75900,9650,48980,17270,1405,77910,10590,53355,13965,1210,100,12.7,64.5,22.8,1.9,100,13.6,68.5,17.9,1.6,-2.6,-8.9,-8.2,23.7,16.1
1310,Campbellton--Miramichi,New Brunswick,13,4.1,00000,Female,78455,9140,50010,19305,2730,80830,10085,54490,16255,2480,100,11.6,63.7,24.6,3.5,100,12.5,67.4,20.1,3.1,-2.9,-9.4,-8.2,18.8,10.1
1320,Moncton--Richibucto,New Brunswick,13,3.9,00000,Both sexes,209255,31195,137770,40295,5000,203835,30205,140760,32870,4700,100,14.9,65.8,19.3,2.4,100,14.8,69.1,16.1,2.3,2.7,3.3,-2.1,22.6,6.4
1320,Moncton--Richibucto,New Brunswick,13,3.9,00000,Male,102555,16035,68075,18450,1680,99450,15440,69380,14630,1540,100,15.6,66.4,18,1.6,100,15.5,69.8,14.7,1.5,3.1,3.9,-1.9,26.1,9.1
1320,Moncton--Richibucto,New Brunswick,13,3.9,00000,Female,106700,15160,69690,21850,3315,104390,14765,71380,18245,3155,100,14.2,65.3,20.5,3.1,100,14.1,68.4,17.5,3,2.2,2.7,-2.4,19.8,5.1
1330,Saint John--St. Stephen,New Brunswick,13,3.5,00000,Both sexes,168390,26785,109800,31805,3950,172765,28120,117490,27160,3820,100,15.9,65.2,18.9,2.3,100,16.3,68,15.7,2.2,-2.5,-4.7,-6.5,17.1,3.4
1330,Saint John--St. Stephen,New Brunswick,13,3.5,00000,Male,81390,13535,53525,14325,1240,83405,14300,57295,11815,1135,100,16.6,65.8,17.6,1.5,100,17.1,68.7,14.2,1.4,-2.4,-5.3,-6.6,21.2,9.3
1330,Saint John--St. Stephen,New Brunswick,13,3.5,00000,Female,87000,13245,56280,17480,2710,89360,13825,60195,15340,2680,100,15.2,64.7,20.1,3.1,100,15.5,67.4,17.2,3,-2.6,-4.2,-6.5,14,1.1
1340,Fredericton--Oromocto,New Brunswick,13,3.9,00000,Both sexes,137525,22355,91375,23790,2615,135465,22315,93325,19830,2460,100,16.3,66.4,17.3,1.9,100,16.5,68.9,14.6,1.8,1.5,0.2,-2.1,20,6.3
1340,Fredericton--Oromocto,New Brunswick,13,3.9,00000,Male,67660,11330,45360,10975,880,66420,11315,46200,8905,790,100,16.7,67,16.2,1.3,100,17,69.6,13.4,1.2,1.9,0.1,-1.8,23.2,11.4
1340,Fredericton--Oromocto,New Brunswick,13,3.9,00000,Female,69865,11025,46020,12820,1740,69045,11000,47125,10920,1670,100,15.8,65.9,18.3,2.5,100,15.9,68.3,15.8,2.4,1.2,0.2,-2.3,17.4,4.2
1350,Edmundston--Woodstock,New Brunswick,13,3.9,00000,Both sexes,77580,11375,49880,16320,1915,80360,12265,54545,13550,1800,100,14.7,64.3,21,2.5,100,15.3,67.9,16.9,2.2,-3.5,-7.3,-8.6,20.4,6.4
1350,Edmundston--Woodstock,New Brunswick,13,3.9,00000,Male,37850,5770,24595,7490,650,39250,6305,26990,5950,560,100,15.2,65,19.8,1.7,100,16.1,68.8,15.2,1.4,-3.6,-8.5,-8.9,25.9,16.1
1350,Edmundston--Woodstock,New Brunswick,13,3.9,00000,Female,39725,5605,25285,8835,1265,41110,5960,27555,7595,1235,100,14.1,63.7,22.2,3.2,100,14.5,67,18.5,3,-3.4,-6,-8.2,16.3,2.4
2410,Gaspésie--Îles-de-la-Madeleine,Quebec,24,4.2,00000,Both sexes,90310,11250,56375,22680,2640,94075,12050,62720,19310,2400,100,12.5,62.4,25.1,2.9,100,12.8,66.7,20.5,2.6,-4,-6.6,-10.1,17.5,10
2410,Gaspésie--Îles-de-la-Madeleine,Quebec,24,4.2,00000,Male,44185,5740,27930,10520,900,45960,6175,31035,8745,825,100,13,63.2,23.8,2,100,13.4,67.5,19,1.8,-3.9,-7,-10,20.3,9.1
2410,Gaspésie--Îles-de-la-Madeleine,Quebec,24,4.2,00000,Female,46125,5510,28450,12165,1735,48120,5875,31680,10565,1575,100,11.9,61.7,26.4,3.8,100,12.2,65.8,22,3.3,-4.1,-6.2,-10.2,15.1,10.2
2415,Bas-Saint-Laurent,Quebec,24,4.1,00000,Both sexes,197385,28460,122185,46740,6185,199975,28015,132475,39485,5335,100,14.4,61.9,23.7,3.1,100,14,66.2,19.7,2.7,-1.3,1.6,-7.8,18.4,15.9
2415,Bas-Saint-Laurent,Quebec,24,4.1,00000,Male,97500,14725,61220,21555,2060,98385,14480,66330,17585,1625,100,15.1,62.8,22.1,2.1,100,14.7,67.4,17.9,1.7,-0.9,1.7,-7.7,22.6,26.8
2415,Bas-Saint-Laurent,Quebec,24,4.1,00000,Female,99885,13735,60970,25185,4125,101590,13540,66150,21905,3715,100,13.8,61,25.2,4.1,100,13.3,65.1,21.6,3.7,-1.7,1.4,-7.8,15,11
2420,Capitale-Nationale,Quebec,24,4.1,00000,Both sexes,730000,109630,473630,146740,18910,700615,98000,479170,123450,16110,100,15,64.9,20.1,2.6,100,14,68.4,17.6,2.3,4.2,11.9,-1.2,18.9,17.4
2420,Capitale-Nationale,Quebec,24,4.1,00000,Male,357205,55875,237350,63980,5865,340875,49985,239145,51750,4395,100,15.6,66.4,17.9,1.6,100,14.7,70.2,15.2,1.3,4.8,11.8,-0.8,23.6,33.4
2420,Capitale-Nationale,Quebec,24,4.1,00000,Female,372790,53750,236280,82765,13045,359735,48015,240025,71700,11715,100,14.4,63.4,22.2,3.5,100,13.3,66.7,19.9,3.3,3.6,11.9,-1.6,15.4,11.4
2425,Chaudière-Appalaches,Quebec,24,3.7,00000,Both sexes,420085,70260,265350,84475,10295,410830,66735,275410,68690,8575,100,16.7,63.2,20.1,2.5,100,16.2,67,16.7,2.1,2.3,5.3,-3.7,23,20.1
2425,Chaudière-Appalaches,Quebec,24,3.7,00000,Male,209945,36065,134805,39075,3365,204340,34130,139465,30745,2680,100,17.2,64.2,18.6,1.6,100,16.7,68.3,15,1.3,2.7,5.7,-3.3,27.1,25.6
2425,Chaudière-Appalaches,Quebec,24,3.7,00000,Female,210135,34190,130540,45400,6925,206490,32610,135945,37940,5890,100,16.3,62.1,21.6,3.3,100,15.8,65.8,18.4,2.9,1.8,4.8,-4,19.7,17.6
2430,Estrie,Quebec,24,4.1,00000,Both sexes,319005,51140,201765,66105,8330,310735,49100,207010,54625,7145,100,16,63.2,20.7,2.6,100,15.8,66.6,17.6,2.3,2.7,4.2,-2.5,21,16.6
2430,Estrie,Quebec,24,4.1,00000,Male,158055,26585,101120,30345,2675,153275,25475,103655,24150,2130,100,16.8,64,19.2,1.7,100,16.6,67.6,15.8,1.4,3.1,4.4,-2.4,25.7,25.6
2430,Estrie,Quebec,24,4.1,00000,Female,160950,24555,100645,35760,5650,157455,23625,103355,30475,5015,100,15.3,62.5,22.2,3.5,100,15,65.6,19.4,3.2,2.2,3.9,-2.6,17.3,12.7
2433,Centre-du-Québec,Quebec,24,4.2,00000,Both sexes,242400,40255,152340,49800,6120,234160,38240,154940,40985,5340,100,16.6,62.8,20.5,2.5,100,16.3,66.2,17.5,2.3,3.5,5.3,-1.7,21.5,14.6
2433,Centre-du-Québec,Quebec,24,4.2,00000,Male,120975,20645,77465,22860,1990,116455,19665,78715,18075,1575,100,17.1,64,18.9,1.6,100,16.9,67.6,15.5,1.4,3.9,5,-1.6,26.5,26.3
2433,Centre-du-Québec,Quebec,24,4.2,00000,Female,121425,19605,74875,26945,4130,117710,18575,76225,22910,3765,100,16.1,61.7,22.2,3.4,100,15.8,64.8,19.5,3.2,3.2,5.5,-1.8,17.6,9.7
2435,Montérégie,Quebec,24,3.2,20000,Both sexes,1507070,258820,977475,270775,30150,1442430,242775,981515,218140,23365,100,17.2,64.9,18,2,100,16.8,68,15.1,1.6,4.5,6.6,-0.4,24.1,29
2435,Montérégie,Quebec,24,3.2,20000,Male,741455,132555,486190,122705,10015,708170,123790,487110,97270,6925,100,17.9,65.6,16.5,1.4,100,17.5,68.8,13.7,1,4.7,7.1,-0.2,26.1,44.6
2435,Montérégie,Quebec,24,3.2,20000,Female,765615,126265,491280,148065,20135,734265,118990,494405,120865,16440,100,16.5,64.2,19.3,2.6,100,16.2,67.3,16.5,2.2,4.3,6.1,-0.6,22.5,22.5
2440,Montréal,Quebec,24,3.8,00000,Both sexes,1942045,304470,1313915,323655,52100,1886480,287640,1303545,295300,44205,100,15.7,67.7,16.7,2.7,100,15.2,69.1,15.7,2.3,2.9,5.9,0.8,9.6,17.9
2440,Montréal,Quebec,24,3.8,00000,Male,944485,155320,653520,135650,16660,913165,146420,646805,119940,13045,100,16.4,69.2,14.4,1.8,100,16,70.8,13.1,1.4,3.4,6.1,1,13.1,27.7
2440,Montréal,Quebec,24,3.8,00000,Female,997560,149150,660395,188010,35440,973320,141215,656740,175360,31165,100,15,66.2,18.8,3.6,100,14.5,67.5,18,3.2,2.5,5.6,0.6,7.2,13.7
2445,Laval,Quebec,24,2.9,00000,Both sexes,422995,73485,276920,72590,10385,401555,69305,269660,62590,7180,100,17.4,65.5,17.2,2.5,100,17.3,67.2,15.6,1.8,5.3,6,2.7,16,44.6
2445,Laval,Quebec,24,2.9,00000,Male,205510,37450,136295,31765,3595,194885,35295,132630,26960,2265,100,18.2,66.3,15.5,1.7,100,18.1,68.1,13.8,1.2,5.5,6.1,2.8,17.8,58.7
2445,Laval,Quebec,24,2.9,00000,Female,217485,36030,140630,40825,6790,206665,34005,137030,35625,4920,100,16.6,64.7,18.8,3.1,100,16.5,66.3,17.2,2.4,5.2,6,2.6,14.6,38
2450,Lanaudière,Quebec,24,3.0,00000,Both sexes,494800,86340,323945,84510,8035,471750,80435,324695,66620,6240,100,17.4,65.5,17.1,1.6,100,17.1,68.8,14.1,1.3,4.9,7.3,-0.2,26.9,28.8
2450,Lanaudière,Quebec,24,3.0,00000,Male,245315,44270,161550,39495,2715,234010,41185,162040,30785,1870,100,18,65.9,16.1,1.1,100,17.6,69.2,13.2,0.8,4.8,7.5,-0.3,28.3,45.2
2450,Lanaudière,Quebec,24,3.0,00000,Female,249480,42070,162390,45015,5320,237740,39250,162650,35840,4370,100,16.9,65.1,18,2.1,100,16.5,68.4,15.1,1.8,4.9,7.2,-0.2,25.6,21.7
2455,Laurentides,Quebec,24,3.3,20000,Both sexes,589400,98990,387630,102785,9740,559700,94790,384070,80840,7370,100,16.8,65.8,17.4,1.7,100,16.9,68.6,14.4,1.3,5.3,4.4,0.9,27.1,32.2
2455,Laurentides,Quebec,24,3.3,20000,Male,292055,50800,192970,48285,3395,277170,48210,191450,37515,2330,100,17.4,66.1,16.5,1.2,100,17.4,69.1,13.5,0.8,5.4,5.4,0.8,28.7,45.7
2455,Laurentides,Quebec,24,3.3,20000,Female,297345,48190,194660,54495,6345,282535,46585,192620,43330,5035,100,16.2,65.5,18.3,2.1,100,16.5,68.2,15.3,1.8,5.2,3.4,1.1,25.8,26
2460,Outaouais,Quebec,24,3.6,20000,Both sexes,382605,67900,256390,58310,5920,369170,63170,258805,47190,4765,100,17.7,67,15.2,1.5,100,17.1,70.1,12.8,1.3,3.6,7.5,-0.9,23.6,24.2
2460,Outaouais,Quebec,24,3.6,20000,Male,188195,34730,126600,26870,1910,181180,32295,127795,21095,1390,100,18.5,67.3,14.3,1,100,17.8,70.5,11.6,0.8,3.9,7.5,-0.9,27.4,37.4
2460,Outaouais,Quebec,24,3.6,20000,Female,194410,33175,129790,31445,4010,187990,30880,131015,26095,3375,100,17.1,66.8,16.2,2.1,100,16.4,69.7,13.9,1.8,3.4,7.4,-0.9,20.5,18.8
2465,Abitibi-Témiscamingue,Quebec,24,4.5,00000,Both sexes,146720,25110,95690,25920,2890,145690,24745,99120,21825,2335,100,17.1,65.2,17.7,2,100,17,68,15,1.6,0.7,1.5,-3.5,18.8,23.8
2465,Abitibi-Témiscamingue,Quebec,24,4.5,00000,Male,73900,12850,48890,12160,970,73135,12705,50475,9950,815,100,17.4,66.2,16.5,1.3,100,17.4,69,13.6,1.1,1,1.1,-3.1,22.2,19
2465,Abitibi-Témiscamingue,Quebec,24,4.5,00000,Female,72820,12260,46800,13760,1925,72555,12035,48645,11870,1525,100,16.8,64.3,18.9,2.6,100,16.6,67,16.4,2.1,0.4,1.9,-3.8,15.9,26.2
2470,Mauricie,Quebec,24,4.3,00000,Both sexes,266110,36850,166415,62855,8505,263600,34960,174600,54040,7025,100,13.8,62.5,23.6,3.2,100,13.3,66.2,20.5,2.7,1,5.4,-4.7,16.3,21.1
2470,Mauricie,Quebec,24,4.3,00000,Male,130575,19080,83260,28235,2745,128875,18005,87590,23280,1975,100,14.6,63.8,21.6,2.1,100,14,68,18.1,1.5,1.3,6,-4.9,21.3,39
2470,Mauricie,Quebec,24,4.3,00000,Female,135540,17770,83155,34615,5760,134730,16955,87010,30760,5050,100,13.1,61.4,25.5,4.2,100,12.6,64.6,22.8,3.7,0.6,4.8,-4.4,12.5,14.1
2475,Saguenay--Lac-Saint-Jean,Quebec,24,3.9,00000,Both sexes,276365,42590,176195,57575,6645,274880,40685,186005,48190,5150,100,15.4,63.8,20.8,2.4,100,14.8,67.7,17.5,1.9,0.5,4.7,-5.3,19.5,29
2475,Saguenay--Lac-Saint-Jean,Quebec,24,3.9,00000,Male,137965,21685,89700,26575,2310,136410,20625,94535,21250,1625,100,15.7,65,19.3,1.7,100,15.1,69.3,15.6,1.2,1.1,5.1,-5.1,25.1,42.2
2475,Saguenay--Lac-Saint-Jean,Quebec,24,3.9,00000,Female,138405,20905,86500,31000,4335,138470,20060,91470,26940,3520,100,15.1,62.5,22.4,3.1,100,14.5,66.1,19.5,2.5,0,4.2,-5.4,15.1,23.2
2480,Côte-Nord,Quebec,24,5.7,00000,Both sexes,92520,15445,60855,16220,1640,94765,15850,65260,13660,1250,100,16.7,65.8,17.5,1.8,100,16.7,68.9,14.4,1.3,-2.4,-2.6,-6.7,18.7,31.2
2480,Côte-Nord,Quebec,24,5.7,00000,Male,46660,7830,31045,7790,615,47840,8030,33340,6470,415,100,16.8,66.5,16.7,1.3,100,16.8,69.7,13.5,0.9,-2.5,-2.5,-6.9,20.4,48.2
2480,Côte-Nord,Quebec,24,5.7,00000,Female,45860,7610,29815,8430,1025,46925,7820,31915,7190,830,100,16.6,65,18.4,2.2,100,16.7,68,15.3,1.8,-2.3,-2.7,-6.6,17.2,23.5
2490,Nord-du-Québec,Quebec,24,10.0,01100,Both sexes,44560,12275,28840,3450,210,42580,12130,27695,2755,150,100,27.5,64.7,7.7,0.5,100,28.5,65,6.5,0.4,4.7,1.2,4.1,25.2,40
2490,Nord-du-Québec,Quebec,24,10.0,01100,Male,22775,6330,14725,1715,100,21725,6270,14090,1360,50,100,27.8,64.7,7.5,0.4,100,28.9,64.9,6.3,0.2,4.8,1,4.5,26.1,100
2490,Nord-du-Québec,Quebec,24,10.0,01100,Female,21790,5945,14115,1730,110,20855,5860,13600,1395,100,100,27.3,64.8,7.9,0.5,100,28.1,65.2,6.7,0.5,4.5,1.5,3.8,24,10
3510,Ottawa,Ontario,35,3.7,00000,Both sexes,1306245,212825,870635,222790,29235,1244910,205300,858425,181185,24710,100,16.3,66.7,17.1,2.2,100,16.5,69,14.6,2,4.9,3.7,1.4,23,18.3
3510,Ottawa,Ontario,35,3.7,00000,Male,636065,108330,426940,100790,9970,605535,104315,421210,80010,7815,100,17,67.1,15.8,1.6,100,17.2,69.6,13.2,1.3,5,3.8,1.4,26,27.6
3510,Ottawa,Ontario,35,3.7,00000,Female,670190,104490,443695,122005,19260,639370,100985,437215,101180,16895,100,15.6,66.2,18.2,2.9,100,15.8,68.4,15.8,2.6,4.8,3.5,1.5,20.6,14
3515,Kingston--Pembroke,Ontario,35,4.7,00000,Both sexes,456940,68915,291350,96675,12525,453080,68840,302015,82220,10750,100,15.1,63.8,21.2,2.7,100,15.2,66.7,18.1,2.4,0.9,0.1,-3.5,17.6,16.5
3515,Kingston--Pembroke,Ontario,35,4.7,00000,Male,224590,35375,144725,44485,4415,222715,35275,150415,37030,3415,100,15.8,64.4,19.8,2,100,15.8,67.5,16.6,1.5,0.8,0.3,-3.8,20.1,29.3
3515,Kingston--Pembroke,Ontario,35,4.7,00000,Female,232350,33540,146625,52190,8110,230365,33575,151600,45195,7335,100,14.4,63.1,22.5,3.5,100,14.6,65.8,19.6,3.2,0.9,-0.1,-3.3,15.5,10.6
3520,Muskoka--Kawarthas,Ontario,35,5.0,20000,Both sexes,377920,50480,233185,94250,12280,365345,50675,236350,78320,10225,100,13.4,61.7,24.9,3.2,100,13.9,64.7,21.4,2.8,3.4,-0.4,-1.3,20.3,20.1
3520,Muskoka--Kawarthas,Ontario,35,5.0,20000,Male,185320,25855,115355,44105,4460,178550,25830,116640,36080,3365,100,14,62.2,23.8,2.4,100,14.5,65.3,20.2,1.9,3.8,0.1,-1.1,22.2,32.5
3520,Muskoka--Kawarthas,Ontario,35,5.0,20000,Female,192600,24625,117830,50145,7825,186800,24845,119715,42240,6855,100,12.8,61.2,26,4.1,100,13.3,64.1,22.6,3.7,3.1,-0.9,-1.6,18.7,14.2
3530,Toronto,Ontario,35,3.1,00000,Both sexes,6234200,1039965,4289265,904965,121150,5878410,1029480,4104155,744780,95715,100,16.7,68.8,14.5,1.9,100,17.5,69.8,12.7,1.6,6.1,1,4.5,21.5,26.6
3530,Toronto,Ontario,35,3.1,00000,Male,3026115,533790,2089545,402770,43120,2852975,528435,1996995,327540,32370,100,17.6,69.1,13.3,1.4,100,18.5,70,11.5,1.1,6.1,1,4.6,23,33.2
3530,Toronto,Ontario,35,3.1,00000,Female,3208090,506180,2199715,502190,78025,3025440,501050,2107155,417235,63345,100,15.8,68.6,15.7,2.4,100,16.6,69.6,13.8,2.1,6,1,4.4,20.4,23.2
3540,Kitchener--Waterloo--Barrie,Ontario,35,3.8,00000,Both sexes,1299265,225050,865965,208250,26885,1218400,218110,830355,169940,21490,100,17.3,66.7,16,2.1,100,17.9,68.2,13.9,1.8,6.6,3.2,4.3,22.5,25.1
3540,Kitchener--Waterloo--Barrie,Ontario,35,3.8,00000,Male,640085,115210,430140,94735,9655,599025,111510,411675,75840,6970,100,18,67.2,14.8,1.5,100,18.6,68.7,12.7,1.2,6.9,3.3,4.5,24.9,38.5
3540,Kitchener--Waterloo--Barrie,Ontario,35,3.8,00000,Female,659185,109840,435825,113520,17230,619370,106595,418675,94100,14515,100,16.7,66.1,17.2,2.6,100,17.2,67.6,15.2,2.3,6.4,3,4.1,20.6,18.7
3550,Hamilton--Niagara Peninsula,Ontario,35,3.8,20000,Both sexes,1412715,225755,916545,270415,39430,1372230,224725,915125,232380,32740,100,16,64.9,19.1,2.8,100,16.4,66.7,16.9,2.4,3,0.5,0.2,16.4,20.4
3550,Hamilton--Niagara Peninsula,Ontario,35,3.8,20000,Male,687700,115945,450715,121045,13810,667410,115320,450060,102025,10700,100,16.9,65.5,17.6,2,100,17.3,67.4,15.3,1.6,3,0.5,0.1,18.6,29.1
3550,Hamilton--Niagara Peninsula,Ontario,35,3.8,20000,Female,725015,109810,465830,149375,25625,704815,109400,465060,130350,22040,100,15.1,64.3,20.6,3.5,100,15.5,66,18.5,3.1,2.9,0.4,0.2,14.6,16.3
3560,London,Ontario,35,3.6,20000,Both sexes,655365,111255,430535,113570,15440,632330,108790,427170,96370,13595,100,17,65.7,17.3,2.4,100,17.2,67.6,15.2,2.1,3.6,2.3,0.8,17.8,13.6
3560,London,Ontario,35,3.6,20000,Male,319715,56925,212230,50555,5300,307935,55845,209930,42160,4390,100,17.8,66.4,15.8,1.7,100,18.1,68.2,13.7,1.4,3.8,1.9,1.1,19.9,20.7
3560,London,Ontario,35,3.6,20000,Female,335655,54335,218305,63010,10140,324400,52945,217240,54215,9210,100,16.2,65,18.8,3,100,16.3,67,16.7,2.8,3.5,2.6,0.5,16.2,10.1
3570,Windsor--Sarnia,Ontario,35,4.2,00000,Both sexes,627635,103115,405335,119185,16295,619055,105875,411765,101415,13720,100,16.4,64.6,19,2.6,100,17.1,66.5,16.4,2.2,1.4,-2.6,-1.6,17.5,18.8
3570,Windsor--Sarnia,Ontario,35,4.2,00000,Male,308005,52915,201115,53975,5525,303295,54330,204020,44945,4290,100,17.2,65.3,17.5,1.8,100,17.9,67.3,14.8,1.4,1.6,-2.6,-1.4,20.1,28.8
3570,Windsor--Sarnia,Ontario,35,4.2,00000,Female,319625,50195,204220,65205,10775,315765,51545,207745,56470,9430,100,15.7,63.9,20.4,3.4,100,16.3,65.8,17.9,3,1.2,-2.6,-1.7,15.5,14.3
3580,Stratford--Bruce Peninsula,Ontario,35,4.9,00000,Both sexes,298070,48440,183150,66480,8860,292880,47735,188245,56900,7535,100,16.3,61.4,22.3,3,100,16.3,64.3,19.4,2.6,1.8,1.5,-2.7,16.8,17.6
3580,Stratford--Bruce Peninsula,Ontario,35,4.9,00000,Male,146700,24675,91015,31010,3155,144100,24540,93630,25935,2435,100,16.8,62,21.1,2.2,100,17,65,18,1.7,1.8,0.6,-2.8,19.6,29.6
3580,Stratford--Bruce Peninsula,Ontario,35,4.9,00000,Female,151370,23765,92135,35470,5705,148780,23200,94615,30965,5100,100,15.7,60.9,23.4,3.8,100,15.6,63.6,20.8,3.4,1.7,2.4,-2.6,14.5,11.9
3590,Northeast,Ontario,35,4.9,20000,Both sexes,548450,82355,352495,113600,13500,551145,83570,368245,99335,11020,100,15,64.3,20.7,2.5,100,15.2,66.8,18,2,-0.5,-1.5,-4.3,14.4,22.5
3590,Northeast,Ontario,35,4.9,20000,Male,269935,42100,175035,52795,4770,270820,42840,182605,45375,3560,100,15.6,64.8,19.6,1.8,100,15.8,67.4,16.8,1.3,-0.3,-1.7,-4.1,16.4,34
3590,Northeast,Ontario,35,4.9,20000,Female,278510,40250,177460,60805,8730,280320,40730,185635,53955,7460,100,14.5,63.7,21.8,3.1,100,14.5,66.2,19.2,2.7,-0.6,-1.2,-4.4,12.7,17
3595,Northwest,Ontario,35,6.9,20100,Both sexes,231690,39820,150405,41465,5480,224030,37665,150875,35490,4910,100,17.2,64.9,17.9,2.4,100,16.8,67.3,15.8,2.2,3.4,5.7,-0.3,16.8,11.6
3595,Northwest,Ontario,35,6.9,20100,Male,115165,20495,75295,19375,1925,110775,19265,75345,16165,1615,100,17.8,65.4,16.8,1.7,100,17.4,68,14.6,1.5,4,6.4,-0.1,19.9,19.2
3595,Northwest,Ontario,35,6.9,20100,Female,116530,19325,75110,22090,3560,113260,18400,75535,19320,3290,100,16.6,64.5,19,3.1,100,16.2,66.7,17.1,2.9,2.9,5,-0.6,14.3,8.2
4610,Southeast,Manitoba,46,4.3,00000,Both sexes,117790,25700,74990,17105,1820,105210,23115,68100,13990,1615,100,21.8,63.7,14.5,1.5,100,22,64.7,13.3,1.5,12,11.2,10.1,22.3,12.7
4610,Southeast,Manitoba,46,4.3,00000,Male,59515,13105,37970,8445,725,53065,11850,34410,6805,575,100,22,63.8,14.2,1.2,100,22.3,64.8,12.8,1.1,12.2,10.6,10.3,24.1,26.1
4610,Southeast,Manitoba,46,4.3,00000,Female,58275,12590,37020,8655,1100,52145,11270,33690,7185,1035,100,21.6,63.5,14.9,1.9,100,21.6,64.6,13.8,2,11.8,11.7,9.9,20.5,6.3
4620,South Central,Manitoba,46,4.6,00000,Both sexes,64780,15575,39675,9525,1630,60670,14655,37365,8655,1620,100,24,61.2,14.7,2.5,100,24.2,61.6,14.3,2.7,6.8,6.3,6.2,10.1,0.6
4620,South Central,Manitoba,46,4.6,00000,Male,32340,8055,19965,4325,560,30170,7535,18850,3785,525,100,24.9,61.7,13.4,1.7,100,25,62.5,12.5,1.7,7.2,6.9,5.9,14.3,6.7
4620,South Central,Manitoba,46,4.6,00000,Female,32445,7525,19715,5205,1070,30495,7110,18515,4870,1095,100,23.2,60.8,16,3.3,100,23.3,60.7,16,3.6,6.4,5.8,6.5,6.9,-2.3
4630,Southwest,Manitoba,46,4.3,00000,Both sexes,113615,21810,71590,20220,3490,108870,19995,70715,18155,3195,100,19.2,63,17.8,3.1,100,18.4,65,16.7,2.9,4.4,9.1,1.2,11.4,9.2
4630,Southwest,Manitoba,46,4.3,00000,Male,56160,11285,35795,9075,1235,53585,10180,35385,8015,1060,100,20.1,63.7,16.2,2.2,100,19,66,15,2,4.8,10.9,1.2,13.2,16.5
4630,Southwest,Manitoba,46,4.3,00000,Female,57460,10525,35790,11140,2250,55285,9810,35330,10145,2135,100,18.3,62.3,19.4,3.9,100,17.7,63.9,18.4,3.9,3.9,7.3,1.3,9.8,5.4
4640,North Central,Manitoba,46,4.7,00000,Both sexes,50300,11175,31440,7685,1035,47605,10595,30300,6705,940,100,22.2,62.5,15.3,2.1,100,22.3,63.6,14.1,2,5.7,5.5,3.8,14.6,10.1
4640,North Central,Manitoba,46,4.7,00000,Male,25240,5765,15870,3605,350,23845,5545,15185,3110,330,100,22.8,62.9,14.3,1.4,100,23.3,63.7,13,1.4,5.9,4,4.5,15.9,6.1
4640,North Central,Manitoba,46,4.7,00000,Female,25065,5415,15570,4080,680,23760,5050,15115,3590,610,100,21.6,62.1,16.3,2.7,100,21.3,63.6,15.1,2.6,5.5,7.2,3,13.6,11.5
4650,Winnipeg,Manitoba,46,3.3,00000,Both sexes,708825,119355,478695,110770,17275,666835,112330,458660,95850,15465,100,16.8,67.5,15.6,2.4,100,16.8,68.8,14.4,2.3,6.3,6.3,4.4,15.6,11.7
4650,Winnipeg,Manitoba,46,3.3,00000,Male,346405,61300,237685,47420,5500,323795,57615,226325,39860,4535,100,17.7,68.6,13.7,1.6,100,17.8,69.9,12.3,1.4,7,6.4,5,19,21.3
4650,Winnipeg,Manitoba,46,3.3,00000,Female,362420,58060,241015,63345,11770,343030,54715,232330,55985,10930,100,16,66.5,17.5,3.2,100,16,67.7,16.3,3.2,5.7,6.1,3.7,13.1,7.7
4660,Interlake,Manitoba,46,5.0,00000,Both sexes,91745,15475,58985,17290,1870,88855,15385,58845,14625,1765,100,16.9,64.3,18.8,2,100,17.3,66.2,16.5,2,3.3,0.6,0.2,18.2,5.9
4660,Interlake,Manitoba,46,5.0,00000,Male,46135,7975,29830,8335,690,44730,7930,29845,6955,580,100,17.3,64.7,18.1,1.5,100,17.7,66.7,15.5,1.3,3.1,0.6,-0.1,19.8,19
4660,Interlake,Manitoba,46,5.0,00000,Female,45605,7495,29155,8955,1185,44125,7450,29000,7670,1190,100,16.4,63.9,19.6,2.6,100,16.9,65.7,17.4,2.7,3.4,0.6,0.5,16.8,-0.4
4670,Parklands,Manitoba,46,6.2,00000,Both sexes,41675,7575,24395,9710,1635,42085,7710,25300,9080,1650,100,18.2,58.5,23.3,3.9,100,18.3,60.1,21.6,3.9,-1,-1.8,-3.6,6.9,-0.9
4670,Parklands,Manitoba,46,6.2,00000,Male,20325,3795,12090,4440,580,20635,3905,12580,4145,580,100,18.7,59.5,21.8,2.9,100,18.9,61,20.1,2.8,-1.5,-2.8,-3.9,7.1,0
4670,Parklands,Manitoba,46,6.2,00000,Female,21350,3775,12305,5270,1055,21460,3805,12720,4930,1065,100,17.7,57.6,24.7,4.9,100,17.7,59.3,23,5,-0.5,-0.8,-3.3,6.9,-0.9
4680,North,Manitoba,46,9.2,00100,Both sexes,89640,27155,55810,6670,455,88145,27375,55380,5390,410,100,30.3,62.3,7.4,0.5,100,31.1,62.8,6.1,0.5,1.7,-0.8,0.8,23.7,11
4680,North,Manitoba,46,9.2,00100,Male,45280,13835,28060,3380,175,44725,14055,28065,2605,145,100,30.6,62,7.5,0.4,100,31.4,62.8,5.8,0.3,1.2,-1.6,0,29.8,20.7
4680,North,Manitoba,46,9.2,00100,Female,44355,13325,27750,3285,275,43425,13320,27310,2785,265,100,30,62.6,7.4,0.6,100,30.7,62.9,6.4,0.6,2.1,0,1.6,18,3.8
4710,Regina--Moose Mountain,Saskatchewan,47,4.1,00000,Both sexes,317425,59950,211330,46145,7135,291345,52640,197595,41110,6640,100,18.9,66.6,14.5,2.2,100,18.1,67.8,14.1,2.3,9,13.9,7,12.2,7.5
4710,Regina--Moose Mountain,Saskatchewan,47,4.1,00000,Male,157735,30560,106625,20550,2465,143925,26880,99195,17850,2075,100,19.4,67.6,13,1.6,100,18.7,68.9,12.4,1.4,9.6,13.7,7.5,15.1,18.8
4710,Regina--Moose Mountain,Saskatchewan,47,4.1,00000,Female,159690,29390,104700,25590,4665,147420,25765,98400,23260,4565,100,18.4,65.6,16,2.9,100,17.5,66.7,15.8,3.1,8.3,14.1,6.4,10,2.2
4720,Swift Current--Moose Jaw,Saskatchewan,47,5.4,00000,Both sexes,101375,17830,63285,20265,3575,100180,16950,63925,19310,3630,100,17.6,62.4,20,3.5,100,16.9,63.8,19.3,3.6,1.2,5.2,-1,4.9,-1.5
4720,Swift Current--Moose Jaw,Saskatchewan,47,5.4,00000,Male,50485,9165,31920,9405,1300,49565,8595,32285,8685,1250,100,18.2,63.2,18.6,2.6,100,17.3,65.1,17.5,2.5,1.9,6.6,-1.1,8.3,4
4720,Swift Current--Moose Jaw,Saskatchewan,47,5.4,00000,Female,50890,8665,31365,10860,2280,50615,8350,31640,10625,2390,100,17,61.6,21.3,4.5,100,16.5,62.5,21,4.7,0.5,3.8,-0.9,2.2,-4.6
4730,Saskatoon--Biggar,Saskatchewan,47,4.5,00000,Both sexes,350630,66480,235785,48375,7675,317490,57570,218240,41675,6960,100,19,67.2,13.8,2.2,100,18.1,68.7,13.1,2.2,10.4,15.5,8,16.1,10.3
4730,Saskatoon--Biggar,Saskatchewan,47,4.5,00000,Male,173680,34140,118250,21295,2570,156585,29415,109250,17920,2220,100,19.7,68.1,12.3,1.5,100,18.8,69.8,11.4,1.4,10.9,16.1,8.2,18.8,15.8
4730,Saskatoon--Biggar,Saskatchewan,47,4.5,00000,Female,176950,32335,117540,27075,5110,160905,28155,108995,23755,4740,100,18.3,66.4,15.3,2.9,100,17.5,67.7,14.8,2.9,10,14.8,7.8,14,7.8
4740,Yorkton--Melville,Saskatchewan,47,4.9,00000,Both sexes,83945,15285,50050,18610,3220,84865,15050,51550,18260,3455,100,18.2,59.6,22.2,3.8,100,17.7,60.7,21.5,4.1,-1.1,1.6,-2.9,1.9,-6.8
4740,Yorkton--Melville,Saskatchewan,47,4.9,00000,Male,41760,7825,25400,8530,1145,42020,7705,26065,8240,1190,100,18.7,60.8,20.4,2.7,100,18.3,62,19.6,2.8,-0.6,1.6,-2.6,3.5,-3.8
4740,Yorkton--Melville,Saskatchewan,47,4.9,00000,Female,42185,7460,24645,10080,2070,42850,7345,25485,10015,2270,100,17.7,58.4,23.9,4.9,100,17.1,59.5,23.4,5.3,-1.6,1.6,-3.3,0.6,-8.8
4750,Prince Albert,Saskatchewan,47,5.5,00000,Both sexes,207905,44575,128820,34510,5180,202945,43685,127905,31355,4630,100,21.4,62,16.6,2.5,100,21.5,63,15.4,2.3,2.4,2,0.7,10.1,11.9
4750,Prince Albert,Saskatchewan,47,5.5,00000,Male,103480,22810,64525,16140,1835,101085,22225,64270,14600,1645,100,22,62.4,15.6,1.8,100,22,63.6,14.4,1.6,2.4,2.6,0.4,10.5,11.6
4750,Prince Albert,Saskatchewan,47,5.5,00000,Female,104420,21760,64295,18370,3345,101860,21465,63640,16760,2985,100,20.8,61.6,17.6,3.2,100,21.1,62.5,16.5,2.9,2.5,1.4,1,9.6,12.1
4760,Northern,Saskatchewan,47,6.8,00100,Both sexes,37065,11565,22980,2525,155,36555,11960,22600,1995,145,100,31.2,62,6.8,0.4,100,32.7,61.8,5.5,0.4,1.4,-3.3,1.7,26.6,6.9
4760,Northern,Saskatchewan,47,6.8,00100,Male,18640,5910,11390,1340,80,18375,6190,11175,1005,60,100,31.7,61.1,7.2,0.4,100,33.7,60.8,5.5,0.3,1.4,-4.5,1.9,33.3,33.3
4760,Northern,Saskatchewan,47,6.8,00100,Female,18425,5655,11590,1185,80,18180,5770,11420,985,85,100,30.7,62.9,6.4,0.4,100,31.7,62.8,5.4,0.5,1.3,-2,1.5,20.3,-5.9
4810,Lethbridge--Medicine Hat,Alberta,48,5.2,00000,Both sexes,291315,58970,185995,46345,6490,273800,54765,179815,39220,5420,100,20.2,63.8,15.9,2.2,100,20,65.7,14.3,2,6.4,7.7,3.4,18.2,19.7
4810,Lethbridge--Medicine Hat,Alberta,48,5.2,00000,Male,144765,30285,93095,21380,2430,135475,27850,89935,17700,1800,100,20.9,64.3,14.8,1.7,100,20.6,66.4,13.1,1.3,6.9,8.7,3.5,20.8,35
4810,Lethbridge--Medicine Hat,Alberta,48,5.2,00000,Female,146545,28685,92905,24965,4050,138320,26915,89880,21520,3620,100,19.6,63.4,17,2.8,100,19.5,65,15.6,2.6,5.9,6.6,3.4,16,11.9
4820,Camrose--Drumheller,Alberta,48,5.1,00000,Both sexes,204305,39535,130005,34765,4975,196615,38415,127875,30320,4485,100,19.4,63.6,17,2.4,100,19.5,65,15.4,2.3,3.9,2.9,1.7,14.7,10.9
4820,Camrose--Drumheller,Alberta,48,5.1,00000,Male,102530,20250,65990,16295,1830,98670,19600,64895,14170,1565,100,19.8,64.4,15.9,1.8,100,19.9,65.8,14.4,1.6,3.9,3.3,1.7,15,16.9
4820,Camrose--Drumheller,Alberta,48,5.1,00000,Female,101775,19285,64020,18470,3145,97945,18815,62980,16150,2920,100,18.9,62.9,18.1,3.1,100,19.2,64.3,16.5,3,3.9,2.5,1.7,14.4,7.7
4830,Calgary,Alberta,48,3.9,00000,Both sexes,1498775,282185,1046735,169860,20835,1311020,241465,938045,131515,16095,100,18.8,69.8,11.3,1.4,100,18.4,71.6,10,1.2,14.3,16.9,11.6,29.2,29.5
4830,Calgary,Alberta,48,3.9,00000,Male,748135,144870,524785,78485,7580,655100,123795,472350,58955,5270,100,19.4,70.1,10.5,1,100,18.9,72.1,9,0.8,14.2,17,11.1,33.1,43.8
4830,Calgary,Alberta,48,3.9,00000,Female,750645,137315,521950,91380,13255,655920,117670,465690,72560,10820,100,18.3,69.5,12.2,1.8,100,17.9,71,11.1,1.6,14.4,16.7,12.1,25.9,22.5
4840,Banff--Jasper--Rocky Mountain House,Alberta,48,9.0,00100,Both sexes,88755,15685,61475,11595,1170,85860,15310,61110,9440,970,100,17.7,69.3,13.1,1.3,100,17.8,71.2,11,1.1,3.4,2.4,0.6,22.8,20.6
4840,Banff--Jasper--Rocky Mountain House,Alberta,48,9.0,00100,Male,45425,8115,31535,5780,475,43840,7965,31260,4610,345,100,17.9,69.4,12.7,1,100,18.2,71.3,10.5,0.8,3.6,1.9,0.9,25.4,37.7
4840,Banff--Jasper--Rocky Mountain House,Alberta,48,9.0,00100,Female,43330,7570,29940,5815,700,42020,7345,29845,4830,630,100,17.5,69.1,13.4,1.6,100,17.5,71,11.5,1.5,3.1,3.1,0.3,20.4,11.1
4850,Red Deer,Alberta,48,5.1,00000,Both sexes,209395,41065,141555,26780,3415,189240,36965,130485,21795,2835,100,19.6,67.6,12.8,1.6,100,19.5,69,11.5,1.5,10.7,11.1,8.5,22.9,20.5
4850,Red Deer,Alberta,48,5.1,00000,Male,104790,21150,71260,12380,1215,94475,18890,65755,9825,915,100,20.2,68,11.8,1.2,100,20,69.6,10.4,1,10.9,12,8.4,26,32.8
4850,Red Deer,Alberta,48,5.1,00000,Female,104600,19915,70295,14395,2195,94770,18075,64725,11970,1915,100,19,67.2,13.8,2.1,100,19.1,68.3,12.6,2,10.4,10.2,8.6,20.3,14.6
4860,Edmonton,Alberta,48,4.4,00000,Both sexes,1366050,252495,943905,169650,22080,1203115,213895,850700,138525,17940,100,18.5,69.1,12.4,1.6,100,17.8,70.7,11.5,1.5,13.5,18,11,22.5,23.1
4860,Edmonton,Alberta,48,4.4,00000,Male,683115,129215,476800,77095,7750,600740,109710,429320,61715,5825,100,18.9,69.8,11.3,1.1,100,18.3,71.5,10.3,1,13.7,17.8,11.1,24.9,33
4860,Edmonton,Alberta,48,4.4,00000,Female,682930,123280,467100,92555,14335,602375,104190,421375,76810,12115,100,18.1,68.4,13.6,2.1,100,17.3,70,12.8,2,13.4,18.3,10.9,20.5,18.3
4870,Athabasca--Grande Prairie--Peace River,Alberta,48,5.3,00000,Both sexes,267470,59545,176920,31005,3400,254670,57245,170940,26485,2880,100,22.3,66.1,11.6,1.3,100,22.5,67.1,10.4,1.1,5,4,3.5,17.1,18.1
4870,Athabasca--Grande Prairie--Peace River,Alberta,48,5.3,00000,Male,136670,30465,90980,15230,1375,130280,29500,87755,13020,1065,100,22.3,66.6,11.1,1,100,22.6,67.4,10,0.8,4.9,3.3,3.7,17,29.1
4870,Athabasca--Grande Prairie--Peace River,Alberta,48,5.3,00000,Female,130800,29080,85945,15780,2025,124385,27745,83180,13460,1815,100,22.2,65.7,12.1,1.5,100,22.3,66.9,10.8,1.5,5.2,4.8,3.3,17.2,11.6
4880,Wood Buffalo--Cold Lake,Alberta,48,10.3,21100,Both sexes,141105,29665,101215,10225,1025,130940,26730,95780,8430,865,100,21,71.7,7.2,0.7,100,20.4,73.1,6.4,0.7,7.8,11,5.7,21.3,18.5
4880,Wood Buffalo--Cold Lake,Alberta,48,10.3,21100,Male,73975,15220,53710,5045,410,69240,13775,51335,4130,310,100,20.6,72.6,6.8,0.6,100,19.9,74.1,6,0.4,6.8,10.5,4.6,22.2,32.3
4880,Wood Buffalo--Cold Lake,Alberta,48,10.3,21100,Female,67135,14450,47505,5180,615,61705,12955,44440,4305,555,100,21.5,70.8,7.7,0.9,100,21,72,7,0.9,8.8,11.5,6.9,20.3,10.8
5910,Vancouver Island and Coast,British Columbia,59,5.2,20000,Both sexes,799400,108085,504685,186635,24880,759365,104485,504350,150530,22390,100,13.5,63.1,23.3,3.1,100,13.8,66.4,19.8,2.9,5.3,3.4,0.1,24,11.1
5910,Vancouver Island and Coast,British Columbia,59,5.2,20000,Male,388510,55205,245775,87530,9335,368355,53275,245710,69370,7790,100,14.2,63.3,22.5,2.4,100,14.5,66.7,18.8,2.1,5.5,3.6,0,26.2,19.8
5910,Vancouver Island and Coast,British Columbia,59,5.2,20000,Female,410885,52880,258910,99100,15540,391010,51215,258640,81160,14600,100,12.9,63,24.1,3.8,100,13.1,66.1,20.8,3.7,5.1,3.3,0.1,22.1,6.4
5920,Lower Mainland--Southwest,British Columbia,59,4.6,00000,Both sexes,2832000,426565,1951420,454020,59720,2657710,416535,1875240,365940,49695,100,15.1,68.9,16,2.1,100,15.7,70.6,13.8,1.9,6.6,2.4,4.1,24.1,20.2
5920,Lower Mainland--Southwest,British Columbia,59,4.6,00000,Male,1385255,220030,957425,207800,22075,1301605,214390,921785,165430,16915,100,15.9,69.1,15,1.6,100,16.5,70.8,12.7,1.3,6.4,2.6,3.9,25.6,30.5
5920,Lower Mainland--Southwest,British Columbia,59,4.6,00000,Female,1446750,206540,993990,246215,37645,1356105,202145,953450,200510,32780,100,14.3,68.7,17,2.6,100,14.9,70.3,14.8,2.4,6.7,2.2,4.3,22.8,14.8
5930,Thompson--Okanagan,British Columbia,59,5.5,00000,Both sexes,546290,76320,342825,127145,16425,520800,75025,339645,106135,13940,100,14,62.8,23.3,3,100,14.4,65.2,20.4,2.7,4.9,1.7,0.9,19.8,17.8
5930,Thompson--Okanagan,British Columbia,59,5.5,00000,Male,266660,38800,167820,60035,6415,253620,38195,165970,49455,5045,100,14.6,62.9,22.5,2.4,100,15.1,65.4,19.5,2,5.1,1.6,1.1,21.4,27.2
5930,Thompson--Okanagan,British Columbia,59,5.5,00000,Female,279630,37520,175000,67110,10010,267185,36830,173680,56680,8895,100,13.4,62.6,24,3.6,100,13.8,65,21.2,3.3,4.7,1.9,0.8,18.4,12.5
5940,Kootenay,British Columbia,59,6.5,00000,Both sexes,151405,22350,95215,33840,3840,146265,22030,96750,27485,3245,100,14.8,62.9,22.4,2.5,100,15.1,66.1,18.8,2.2,3.5,1.5,-1.6,23.1,18.3
5940,Kootenay,British Columbia,59,6.5,00000,Male,75500,11515,47495,16485,1455,72605,11315,48105,13185,1155,100,15.3,62.9,21.8,1.9,100,15.6,66.3,18.2,1.6,4,1.8,-1.3,25,26
5940,Kootenay,British Columbia,59,6.5,00000,Female,75910,10830,47720,17355,2380,73660,10715,48645,14300,2095,100,14.3,62.9,22.9,3.1,100,14.5,66,19.4,2.8,3.1,1.1,-1.9,21.4,13.6
5950,Cariboo,British Columbia,59,4.9,00000,Both sexes,156495,25960,104080,26455,2400,154275,26480,106900,20895,1825,100,16.6,66.5,16.9,1.5,100,17.2,69.3,13.5,1.2,1.4,-2,-2.6,26.6,31.5
5950,Cariboo,British Columbia,59,4.9,00000,Male,79160,13400,52470,13285,985,77810,13605,53705,10500,665,100,16.9,66.3,16.8,1.2,100,17.5,69,13.5,0.9,1.7,-1.5,-2.3,26.5,48.1
5950,Cariboo,British Columbia,59,4.9,00000,Female,77335,12560,51605,13165,1415,76460,12870,53190,10395,1155,100,16.2,66.7,17,1.8,100,16.8,69.6,13.6,1.5,1.1,-2.4,-3,26.6,22.5
5960,North Coast,British Columbia,59,6.1,00100,Both sexes,55500,10170,37070,8255,730,56145,10800,38475,6875,565,100,18.3,66.8,14.9,1.3,100,19.2,68.5,12.2,1,-1.1,-5.8,-3.7,20.1,29.2
5960,North Coast,British Columbia,59,6.1,00100,Male,28300,5165,19020,4120,300,28545,5515,19580,3460,200,100,18.3,67.2,14.6,1.1,100,19.3,68.6,12.1,0.7,-0.9,-6.3,-2.9,19.1,50
5960,North Coast,British Columbia,59,6.1,00100,Female,27200,5010,18055,4140,435,27595,5285,18895,3415,360,100,18.4,66.4,15.2,1.6,100,19.2,68.5,12.4,1.3,-1.4,-5.2,-4.4,21.2,20.8
5970,Nechako,British Columbia,59,7.6,00100,Both sexes,38640,7380,25465,5785,570,39835,8210,26700,4925,450,100,19.1,65.9,15,1.5,100,20.6,67,12.4,1.1,-3,-10.1,-4.6,17.5,26.7
5970,Nechako,British Columbia,59,7.6,00100,Male,19755,3815,13005,2930,215,20335,4225,13620,2495,185,100,19.3,65.8,14.8,1.1,100,20.8,67,12.3,0.9,-2.9,-9.7,-4.5,17.4,16.2
5970,Nechako,British Columbia,59,7.6,00100,Female,18880,3565,12465,2855,350,19500,3985,13085,2430,265,100,18.9,66,15.1,1.9,100,20.4,67.1,12.5,1.4,-3.2,-10.5,-4.7,17.5,32.1
5980,Northeast,British Columbia,59,5.6,00100,Both sexes,68335,14560,46925,6850,640,65660,13800,45920,5940,560,100,21.3,68.7,10,0.9,100,21,69.9,9,0.9,4.1,5.5,2.2,15.3,14.3
5980,Northeast,British Columbia,59,5.6,00100,Male,35115,7475,24275,3365,260,33725,7030,23815,2875,195,100,21.3,69.1,9.6,0.7,100,20.8,70.6,8.5,0.6,4.1,6.3,1.9,17,33.3
5980,Northeast,British Columbia,59,5.6,00100,Female,33220,7090,22650,3485,380,31935,6765,22105,3065,365,100,21.3,68.2,10.5,1.1,100,21.2,69.2,9.6,1.1,4,4.8,2.5,13.7,4.1
6010,Yukon,Yukon,60,6.7,00100,Both sexes,35870,6280,25335,4255,300,33895,5865,24945,3095,225,100,17.5,70.6,11.9,0.8,100,17.3,73.6,9.1,0.7,5.8,7.1,1.6,37.5,33.3
6010,Yukon,Yukon,60,6.7,00100,Male,18080,3355,12505,2220,125,17055,3015,12400,1640,95,100,18.6,69.2,12.3,0.7,100,17.7,72.7,9.6,0.6,6,11.3,0.8,35.4,31.6
6010,Yukon,Yukon,60,6.7,00100,Female,17795,2925,12835,2040,175,16840,2845,12545,1450,135,100,16.4,72.1,11.5,1,100,16.9,74.5,8.6,0.8,5.7,2.8,2.3,40.7,29.6
6110,Northwest Territories,Northwest Territories,61,7.5,00100,Both sexes,41785,8875,29690,3220,220,41465,9010,30055,2395,200,100,21.2,71.1,7.7,0.5,100,21.7,72.5,5.8,0.5,0.8,-1.5,-1.2,34.4,10
6110,Northwest Territories,Northwest Territories,61,7.5,00100,Male,21280,4475,15090,1710,95,21060,4535,15310,1220,75,100,21,70.9,8,0.4,100,21.5,72.7,5.8,0.4,1,-1.3,-1.4,40.2,26.7
6110,Northwest Territories,Northwest Territories,61,7.5,00100,Female,20505,4395,14605,1510,130,20400,4475,14750,1175,120,100,21.4,71.2,7.4,0.6,100,21.9,72.3,5.8,0.6,0.5,-1.8,-1,28.5,8.3
6210,Nunavut,Nunavut,62,7.9,00100,Both sexes,35945,11685,22895,1365,55,31905,10425,20420,1060,40,100,32.5,63.7,3.8,0.2,100,32.7,64,3.3,0.1,12.7,12.1,12.1,28.8,37.5
6210,Nunavut,Nunavut,62,7.9,00100,Male,18395,5975,11710,710,30,16395,5335,10495,570,15,100,32.5,63.7,3.9,0.2,100,32.5,64,3.5,0.1,12.2,12,11.6,24.6,100
6210,Nunavut,Nunavut,62,7.9,00100,Female,17555,5710,11190,655,25,15510,5090,9930,490,20,100,32.5,63.7,3.7,0.1,100,32.8,64,3.2,0.1,13.2,12.2,12.7,33.7,25



