<?xml version='1.0' encoding='UTF-8'?>
<gmd:MD_Metadata xmlns="http://www.isotc211.org/2005/gmd" xmlns:xsi="http://www.w3.org/2001/XMLSchema-instance" xmlns:gco="http://www.isotc211.org/2005/gco" xmlns:gfc="http://www.isotc211.org/2005/gfc" xmlns:gmd="http://www.isotc211.org/2005/gmd" xmlns:xlink="http://www.w3.org/1999/xlink" xmlns:gmi="http://www.isotc211.org/2005/gmi" xmlns:gml="http://www.opengis.net/gml/3.2" xmlns:gmx="http://www.isotc211.org/2005/gmx" xmlns:gsr="http://www.isotc211.org/2005/gsr" xmlns:gss="http://www.isotc211.org/2005/gss" xmlns:gts="http://www.isotc211.org/2005/gts" xmlns:srv="http://www.isotc211.org/2005/srv" xsi:schemaLocation="http://www.isotc211.org/2005/gmd http://nap.geogratis.gc.ca/metadata/tools/schemas/metadata/can-cgsb-171.100-2009-a/gmd/gmd.xsd http://www.isotc211.org/2005/srv http://nap.geogratis.gc.ca/metadata/tools/schemas/metadata/can-cgsb-171.100-2009-a/srv/srv.xsd http://www.geconnections.org/nap/napMetadataTools/napXsd/napm http://nap.geogratis.gc.ca/metadata/tools/schemas/metadata/can-cgsb-171.100-2009-a/napm/napm.xsd">
  <gmd:fileIdentifier>
    <gco:CharacterString>4c9def46-716d-42c1-a29f-ca8291655588</gco:CharacterString>
  </gmd:fileIdentifier>
  <gmd:language>
    <gco:CharacterString>eng; CAN</gco:CharacterString>
  </gmd:language>
  <gmd:characterSet>
    <gmd:MD_CharacterSetCode codeList="http://nap.geogratis.gc.ca/metadata/register/napMetadataRegister.xml#IC_95" codeListValue="RI_458">utf8; utf8</gmd:MD_CharacterSetCode>
  </gmd:characterSet>
  <gmd:hierarchyLevel>
    <gmd:MD_ScopeCode codeList="http://nap.geogratis.gc.ca/metadata/register/napMetadataRegister.xml#IC_108" codeListValue="RI_622">dataset; jeuDonnées</gmd:MD_ScopeCode>
  </gmd:hierarchyLevel>
  <gmd:contact>
    <gmd:CI_ResponsibleParty>
      <gmd:organisationName xsi:type="gmd:PT_FreeText_PropertyType">
        <gco:CharacterString>Government of Canada; Natural Resources Canada; Earth Sciences Sector</gco:CharacterString>
        <gmd:PT_FreeText>
          <gmd:textGroup>
            <gmd:LocalisedCharacterString locale="#fra">Gouvernement du Canada; Ressources naturelles Canada; Secteur des sciences de la Terre</gmd:LocalisedCharacterString>
          </gmd:textGroup>
        </gmd:PT_FreeText>
      </gmd:organisationName>
      <gmd:contactInfo>
        <gmd:CI_Contact>
          <gmd:address>
            <gmd:CI_Address>
              <gmd:electronicMailAddress xsi:type="gmd:PT_FreeText_PropertyType">
                <gco:CharacterString>NRCan.geogratis-geogratis.RNCan@canada.ca</gco:CharacterString>
                <gmd:PT_FreeText>
                  <gmd:textGroup>
                    <gmd:LocalisedCharacterString locale="#fra">NRCan.geogratis-geogratis.RNCan@canada.ca</gmd:LocalisedCharacterString>
                  </gmd:textGroup>
                </gmd:PT_FreeText>
              </gmd:electronicMailAddress>
            </gmd:CI_Address>
          </gmd:address>
        </gmd:CI_Contact>
      </gmd:contactInfo>
      <gmd:role>
        <gmd:CI_RoleCode codeList="http://nap.geogratis.gc.ca/metadata/register/napMetadataRegister.xml#IC_90" codeListValue="RI_409">custodian; conservateur</gmd:CI_RoleCode>
      </gmd:role>
    </gmd:CI_ResponsibleParty>
  </gmd:contact>
  <gmd:contact>
    <gmd:CI_ResponsibleParty>
      <gmd:organisationName xsi:type="gmd:PT_FreeText_PropertyType">
        <gco:CharacterString>Government of Canada; Natural Resources Canada; Earth Sciences Sector</gco:CharacterString>
        <gmd:PT_FreeText>
          <gmd:textGroup>
            <gmd:LocalisedCharacterString locale="#fra">Gouvernement du Canada; Ressources naturelles Canada; Secteur des sciences de la Terre</gmd:LocalisedCharacterString>
          </gmd:textGroup>
        </gmd:PT_FreeText>
      </gmd:organisationName>
      <gmd:positionName xsi:type="gmd:PT_FreeText_PropertyType">
        <gco:CharacterString>GeoGratis Client Services</gco:CharacterString>
        <gmd:PT_FreeText>
          <gmd:textGroup>
            <gmd:LocalisedCharacterString locale="#fra">Service à la clientèle de GéoGratis</gmd:LocalisedCharacterString>
          </gmd:textGroup>
        </gmd:PT_FreeText>
      </gmd:positionName>
      <gmd:contactInfo>
        <gmd:CI_Contact>
          <gmd:phone>
            <gmd:CI_Telephone>
              <gmd:voice xsi:type="gmd:PT_FreeText_PropertyType">
                <gco:CharacterString>voice; 1 (819) 5645600</gco:CharacterString>
                <gmd:PT_FreeText>
                  <gmd:textGroup>
                    <gmd:LocalisedCharacterString locale="#fra">voix; 1 (819) 5645600</gmd:LocalisedCharacterString>
                  </gmd:textGroup>
                </gmd:PT_FreeText>
              </gmd:voice>
              <gmd:voice xsi:type="gmd:PT_FreeText_PropertyType">
                <gco:CharacterString>voice; 1 (800) 6612638</gco:CharacterString>
                <gmd:PT_FreeText>
                  <gmd:textGroup>
                    <gmd:LocalisedCharacterString locale="#fra">voix; 1 (800) 6612638</gmd:LocalisedCharacterString>
                  </gmd:textGroup>
                </gmd:PT_FreeText>
              </gmd:voice>
              <gmd:facsimile>
                <gco:CharacterString>1 (819) 5645698</gco:CharacterString>
              </gmd:facsimile>
            </gmd:CI_Telephone>
          </gmd:phone>
          <gmd:address>
            <gmd:CI_Address>
              <gmd:electronicMailAddress xsi:type="gmd:PT_FreeText_PropertyType">
                <gco:CharacterString>NRCan.geogratis-geogratis.RNCan@canada.ca</gco:CharacterString>
                <gmd:PT_FreeText>
                  <gmd:textGroup>
                    <gmd:LocalisedCharacterString locale="#fra">NRCan.geogratis-geogratis.RNCan@canada.ca</gmd:LocalisedCharacterString>
                  </gmd:textGroup>
                </gmd:PT_FreeText>
              </gmd:electronicMailAddress>
            </gmd:CI_Address>
          </gmd:address>
          <gmd:onlineResource>
            <gmd:CI_OnlineResource>
              <gmd:linkage>
                <gmd:URL>www.geogratis.gc.ca</gmd:URL>
              </gmd:linkage>
              <gmd:protocol>
                <gco:CharacterString>HTTP</gco:CharacterString>
              </gmd:protocol>
              <gmd:function>
                <gmd:CI_OnLineFunctionCode codeList="http://nap.geogratis.gc.ca/metadata/register/napMetadataRegister.xml#IC_88" codeListValue="RI_376">information; information</gmd:CI_OnLineFunctionCode>
              </gmd:function>
            </gmd:CI_OnlineResource>
          </gmd:onlineResource>
          <gmd:hoursOfService>
            <gco:CharacterString>8:30/12:00; 13:00/16:30</gco:CharacterString>
          </gmd:hoursOfService>
        </gmd:CI_Contact>
      </gmd:contactInfo>
      <gmd:role>
        <gmd:CI_RoleCode codeList="http://nap.geogratis.gc.ca/metadata/register/napMetadataRegister.xml#IC_90" codeListValue="RI_414">pointOfContact; contact</gmd:CI_RoleCode>
      </gmd:role>
    </gmd:CI_ResponsibleParty>
  </gmd:contact>
  <gmd:dateStamp>
    <gco:Date>2017-03-09</gco:Date>
  </gmd:dateStamp>
  <gmd:metadataStandardName xsi:type="gmd:PT_FreeText_PropertyType">
    <gco:CharacterString>North American Profile of ISO 19115:2003 - Geographic information - Metadata</gco:CharacterString>
    <gmd:PT_FreeText>
      <gmd:textGroup>
        <gmd:LocalisedCharacterString locale="#fra">Profil nord-américain de la norme ISO 19115:2003 - Information géographique - Métadonnées</gmd:LocalisedCharacterString>
      </gmd:textGroup>
    </gmd:PT_FreeText>
  </gmd:metadataStandardName>
  <gmd:metadataStandardVersion>
    <gco:CharacterString>CAN/CGSB-171.100-2009</gco:CharacterString>
  </gmd:metadataStandardVersion>
  <gmd:dataSetURI xsi:type="gmd:PT_FreeText_PropertyType">
    <gco:CharacterString>http://geogratis.gc.ca/api/en/nrcan-rncan/ess-sst/4c9def46-716d-42c1-a29f-ca8291655588</gco:CharacterString>
    <gmd:PT_FreeText>
      <gmd:textGroup>
        <gmd:LocalisedCharacterString locale="#fra">http://geogratis.gc.ca/api/fr/nrcan-rncan/ess-sst/4c9def46-716d-42c1-a29f-ca8291655588</gmd:LocalisedCharacterString>
      </gmd:textGroup>
    </gmd:PT_FreeText>
  </gmd:dataSetURI>
  <gmd:locale>
    <gmd:PT_Locale id="fra">
      <gmd:languageCode>
        <gmd:LanguageCode codeList="http://nap.geogratis.gc.ca/metadata/register/napMetadataRegister.xml#IC_116" codeListValue="fra">French; Français</gmd:LanguageCode>
      </gmd:languageCode>
      <gmd:country>
        <gmd:Country codeList="http://nap.geogratis.gc.ca/metadata/register/napMetadataRegister.xml#IC_117" codeListValue="CAN">Canada; Canada</gmd:Country>
      </gmd:country>
      <gmd:characterEncoding>
        <gmd:MD_CharacterSetCode codeList="http://nap.geogratis.gc.ca/metadata/register/napMetadataRegister.xml#IC_95" codeListValue="RI_458">utf8; utf8</gmd:MD_CharacterSetCode>
      </gmd:characterEncoding>
    </gmd:PT_Locale>
  </gmd:locale>
  <gmd:spatialRepresentationInfo>
    <gmd:MD_VectorSpatialRepresentation>
      <gmd:geometricObjects>
        <gmd:MD_GeometricObjects>
          <gmd:geometricObjectType>
            <gmd:MD_GeometricObjectTypeCode codeList="http://nap.geogratis.gc.ca/metadata/register/napMetadataRegister.xml#IC_99" codeListValue="RI_508">point; point</gmd:MD_GeometricObjectTypeCode>
          </gmd:geometricObjectType>
        </gmd:MD_GeometricObjects>
      </gmd:geometricObjects>
      <gmd:geometricObjects>
        <gmd:MD_GeometricObjects>
          <gmd:geometricObjectType>
            <gmd:MD_GeometricObjectTypeCode codeList="http://nap.geogratis.gc.ca/metadata/register/napMetadataRegister.xml#IC_99" codeListValue="RI_507">curve; courbe</gmd:MD_GeometricObjectTypeCode>
          </gmd:geometricObjectType>
        </gmd:MD_GeometricObjects>
      </gmd:geometricObjects>
      <gmd:geometricObjects>
        <gmd:MD_GeometricObjects>
          <gmd:geometricObjectType>
            <gmd:MD_GeometricObjectTypeCode codeList="http://nap.geogratis.gc.ca/metadata/register/napMetadataRegister.xml#IC_99" codeListValue="RI_510">surface; surface</gmd:MD_GeometricObjectTypeCode>
          </gmd:geometricObjectType>
        </gmd:MD_GeometricObjects>
      </gmd:geometricObjects>
    </gmd:MD_VectorSpatialRepresentation>
  </gmd:spatialRepresentationInfo>
  <gmd:referenceSystemInfo>
    <gmd:MD_ReferenceSystem>
      <gmd:referenceSystemIdentifier>
        <gmd:RS_Identifier>
          <gmd:authority>
            <gmd:CI_Citation>
              <gmd:title xsi:type="gmd:PT_FreeText_PropertyType">
                <gco:CharacterString>EPSG Geodetic Parameter Registry</gco:CharacterString>
                <gmd:PT_FreeText>
                  <gmd:textGroup>
                    <gmd:LocalisedCharacterString locale="#fra">Registre des paramètres géodésiques EPSG</gmd:LocalisedCharacterString>
                  </gmd:textGroup>
                </gmd:PT_FreeText>
              </gmd:title>
              <gmd:date>
                <gmd:CI_Date>
                  <gmd:date>
                    <gco:Date>2010-11-02</gco:Date>
                  </gmd:date>
                  <gmd:dateType>
                    <gmd:CI_DateTypeCode codeList="http://nap.geogratis.gc.ca/metadata/register/napMetadataRegister.xml#IC_87" codeListValue="RI_368">revision; révision</gmd:CI_DateTypeCode>
                  </gmd:dateType>
                </gmd:CI_Date>
              </gmd:date>
              <gmd:citedResponsibleParty>
                <gmd:CI_ResponsibleParty>
                  <gmd:organisationName>
                    <gco:CharacterString>OGP Geomatics Committee</gco:CharacterString>
                  </gmd:organisationName>
                  <gmd:role>
                    <gmd:CI_RoleCode codeList="http://nap.geogratis.gc.ca/metadata/register/napMetadataRegister.xml#IC_90" codeListValue="RI_409">custodian; conservateur</gmd:CI_RoleCode>
                  </gmd:role>
                </gmd:CI_ResponsibleParty>
              </gmd:citedResponsibleParty>
            </gmd:CI_Citation>
          </gmd:authority>
          <gmd:code>
            <gco:CharacterString>EPSG:4617</gco:CharacterString>
          </gmd:code>
          <gmd:codeSpace>
            <gco:CharacterString>http://www.epsg-registry.org/</gco:CharacterString>
          </gmd:codeSpace>
          <gmd:version>
            <gco:CharacterString>8.8.1</gco:CharacterString>
          </gmd:version>
        </gmd:RS_Identifier>
      </gmd:referenceSystemIdentifier>
    </gmd:MD_ReferenceSystem>
  </gmd:referenceSystemInfo>
  <gmd:referenceSystemInfo>
    <gmd:MD_ReferenceSystem>
      <gmd:referenceSystemIdentifier>
        <gmd:RS_Identifier>
          <gmd:authority>
            <gmd:CI_Citation>
              <gmd:title xsi:type="gmd:PT_FreeText_PropertyType">
                <gco:CharacterString>EPSG Geodetic Parameter Registry</gco:CharacterString>
                <gmd:PT_FreeText>
                  <gmd:textGroup>
                    <gmd:LocalisedCharacterString locale="#fra">Registre des paramètres géodésiques EPSG</gmd:LocalisedCharacterString>
                  </gmd:textGroup>
                </gmd:PT_FreeText>
              </gmd:title>
              <gmd:date>
                <gmd:CI_Date>
                  <gmd:date>
                    <gco:Date>2010-11-02</gco:Date>
                  </gmd:date>
                  <gmd:dateType>
                    <gmd:CI_DateTypeCode codeList="http://nap.geogratis.gc.ca/metadata/register/napMetadataRegister.xml#IC_87" codeListValue="RI_366">revision; révision</gmd:CI_DateTypeCode>
                  </gmd:dateType>
                </gmd:CI_Date>
              </gmd:date>
              <gmd:citedResponsibleParty>
                <gmd:CI_ResponsibleParty>
                  <gmd:organisationName>
                    <gco:CharacterString>OGP Geomatics Committee</gco:CharacterString>
                  </gmd:organisationName>
                  <gmd:role>
                    <gmd:CI_RoleCode codeList="http://nap.geogratis.gc.ca/metadata/register/napMetadataRegister.xml#IC_90" codeListValue="RI_409">custodian; conservateur</gmd:CI_RoleCode>
                  </gmd:role>
                </gmd:CI_ResponsibleParty>
              </gmd:citedResponsibleParty>
            </gmd:CI_Citation>
          </gmd:authority>
          <gmd:code>
            <gco:CharacterString>EPSG:5713</gco:CharacterString>
          </gmd:code>
          <gmd:codeSpace>
            <gco:CharacterString>http://www.epsg-registry.org/</gco:CharacterString>
          </gmd:codeSpace>
          <gmd:version>
            <gco:CharacterString>8.8.1</gco:CharacterString>
          </gmd:version>
        </gmd:RS_Identifier>
      </gmd:referenceSystemIdentifier>
    </gmd:MD_ReferenceSystem>
  </gmd:referenceSystemInfo>
  <gmd:identificationInfo>
    <gmd:MD_DataIdentification>
      <gmd:citation>
        <gmd:CI_Citation>
          <gmd:title xsi:type="gmd:PT_FreeText_PropertyType">
            <gco:CharacterString>Transport networks in Canada - CanVec – Transport Features</gco:CharacterString>
            <gmd:PT_FreeText>
              <gmd:textGroup>
                <gmd:LocalisedCharacterString locale="#fra">Réseaux de transport au Canada - CanVec – Entités transport</gmd:LocalisedCharacterString>
              </gmd:textGroup>
            </gmd:PT_FreeText>
          </gmd:title>
          <gmd:date>
            <gmd:CI_Date>
              <gmd:date>
                <gco:Date>2016-03-07</gco:Date>
              </gmd:date>
              <gmd:dateType>
                <gmd:CI_DateTypeCode codeList="http://nap.geogratis.gc.ca/metadata/register/napMetadataRegister.xml#IC_87" codeListValue="RI_366">creation; création</gmd:CI_DateTypeCode>
              </gmd:dateType>
            </gmd:CI_Date>
          </gmd:date>
          <gmd:date>
            <gmd:CI_Date>
              <gmd:date>
                <gco:Date>2017-12-15</gco:Date>
              </gmd:date>
              <gmd:dateType>
                <gmd:CI_DateTypeCode codeList="http://nap.geogratis.gc.ca/metadata/register/napMetadataRegister.xml#IC_87" codeListValue="RI_367">publication; publication</gmd:CI_DateTypeCode>
              </gmd:dateType>
            </gmd:CI_Date>
          </gmd:date>
          <gmd:edition>
            <gco:CharacterString>1.0</gco:CharacterString>
          </gmd:edition>
          <gmd:citedResponsibleParty>
            <gmd:CI_ResponsibleParty>
              <gmd:organisationName xsi:type="gmd:PT_FreeText_PropertyType">
                <gco:CharacterString>Government of Canada; Natural Resources Canada; Earth Sciences Sector</gco:CharacterString>
                <gmd:PT_FreeText>
                  <gmd:textGroup>
                    <gmd:LocalisedCharacterString locale="#fra">Gouvernement du Canada; Ressources naturelles Canada; Secteur des sciences de la Terre</gmd:LocalisedCharacterString>
                  </gmd:textGroup>
                </gmd:PT_FreeText>
              </gmd:organisationName>
              <gmd:contactInfo>
                <gmd:CI_Contact>
                  <gmd:address>
                    <gmd:CI_Address>
                      <gmd:electronicMailAddress xsi:type="gmd:PT_FreeText_PropertyType">
                        <gco:CharacterString>NRCan.geogratis-geogratis.RNCan@canada.ca</gco:CharacterString>
                        <gmd:PT_FreeText>
                          <gmd:textGroup>
                            <gmd:LocalisedCharacterString locale="#fra">NRCan.geogratis-geogratis.RNCan@canada.ca</gmd:LocalisedCharacterString>
                          </gmd:textGroup>
                        </gmd:PT_FreeText>
                      </gmd:electronicMailAddress>
                    </gmd:CI_Address>
                  </gmd:address>
                </gmd:CI_Contact>
              </gmd:contactInfo>
              <gmd:role>
                <gmd:CI_RoleCode codeList="http://nap.geogratis.gc.ca/metadata/register/napMetadataRegister.xml#IC_90" codeListValue="RI_417">publisher; éditeur</gmd:CI_RoleCode>
              </gmd:role>
            </gmd:CI_ResponsibleParty>
          </gmd:citedResponsibleParty>
          <gmd:citedResponsibleParty>
            <gmd:CI_ResponsibleParty>
              <gmd:organisationName xsi:type="gmd:PT_FreeText_PropertyType">
                <gco:CharacterString>Government of Canada; Natural Resources Canada; Earth Sciences Sector</gco:CharacterString>
                <gmd:PT_FreeText>
                  <gmd:textGroup>
                    <gmd:LocalisedCharacterString locale="#fra">Gouvernement du Canada; Ressources naturelles Canada; Secteur des sciences de la Terre</gmd:LocalisedCharacterString>
                  </gmd:textGroup>
                </gmd:PT_FreeText>
              </gmd:organisationName>
              <gmd:contactInfo>
                <gmd:CI_Contact>
                  <gmd:address>
                    <gmd:CI_Address>
                      <gmd:electronicMailAddress xsi:type="gmd:PT_FreeText_PropertyType">
                        <gco:CharacterString>NRCan.geogratis-geogratis.RNCan@canada.ca</gco:CharacterString>
                        <gmd:PT_FreeText>
                          <gmd:textGroup>
                            <gmd:LocalisedCharacterString locale="#fra">NRCan.geogratis-geogratis.RNCan@canada.ca</gmd:LocalisedCharacterString>
                          </gmd:textGroup>
                        </gmd:PT_FreeText>
                      </gmd:electronicMailAddress>
                    </gmd:CI_Address>
                  </gmd:address>
                </gmd:CI_Contact>
              </gmd:contactInfo>
              <gmd:role>
                <gmd:CI_RoleCode codeList="http://nap.geogratis.gc.ca/metadata/register/napMetadataRegister.xml#IC_90" codeListValue="RI_413">originator; auteur</gmd:CI_RoleCode>
              </gmd:role>
            </gmd:CI_ResponsibleParty>
          </gmd:citedResponsibleParty>
          <gmd:presentationForm>
            <gmd:CI_PresentationFormCode codeList="http://nap.geogratis.gc.ca/metadata/register/napMetadataRegister.xml#IC_89" codeListValue="RI_391">mapDigital; carteNumérique</gmd:CI_PresentationFormCode>
          </gmd:presentationForm>
          <gmd:series>
            <gmd:CI_Series>
              <gmd:name xsi:type="gmd:PT_FreeText_PropertyType">
                <gco:CharacterString>CanVec</gco:CharacterString>
                <gmd:PT_FreeText>
                  <gmd:textGroup>
                    <gmd:LocalisedCharacterString locale="#fra">CanVec</gmd:LocalisedCharacterString>
                  </gmd:textGroup>
                </gmd:PT_FreeText>
              </gmd:name>
            </gmd:CI_Series>
          </gmd:series>
        </gmd:CI_Citation>
      </gmd:citation>
      <gmd:abstract xsi:type="gmd:PT_FreeText_PropertyType">
        <gco:CharacterString>Transport Features is composed of, among others, the National Road Network (NRN) and the National Railway Network (NRWN). Transport Features entities are: Nautical Facility, Track Segment, Track Junction, Railway Station, Track Crossing, Track Marker Post, Track Structure, Rail Ferry, Road Segment, Road Ferry, Road Junction, Blocked Passage, Toll Point, Aerial Cableway, Footbridge, Trail, Navigational Aid, Marina, and Runway. CanVec is a digital cartographic reference product of Natural Resources Canada (NRCan). It originates from the best available data sources covering Canadian territory, offers quality topographical information in vector format and complies with international geomatics standards. CanVec is a multi-source product coming mainly from the National Topographic Data Base (NTDB), the Mapping the North process conducted by the Canada Center for Mapping and Earth Observation (CCMEO), the Atlas of Canada data, the GeoBase initiative and the data update using satellite imagery coverage (e.g. Landsat 7, Spot, Radarsat, etc.).</gco:CharacterString>
        <gmd:PT_FreeText>
          <gmd:textGroup>
            <gmd:LocalisedCharacterString locale="#fra">Entités transport sont composés entre autres, du Réseau routier national (RRN) et du Réseau ferroviaire national (RFN) du Canada. Entités transport regroupe les entités suivantes : Installation nautique, Segment ferroviaire, Jonction ferroviaire, Gare ferroviaire, Croisement ferroviaire, Panneau de point milliaire, Structure ferroviaire, Traverse ferroviaire, Segment routier, Traverse routière, Jonction routière, Passage obstrué, Poste de péage, Téléphérique, Passerelle, Sentier, Repère de navigation, Marina et Piste d’envol. CanVec est un produit numérique de référence cartographique produit par Ressources naturelles Canada. Il est composé des meilleures sources de données géospatiales disponibles couvrant le territoire canadien, offre une information topographique de qualité en format vectoriel et est conforme aux normes internationales en géomatique. CanVec est un produit multi-source provenant principalement de la Base nationale de données topographiques (BNDT), du processus de production de la Cartographie du Nord mené par le Centre canadien de cartographie et d’observation de la Terre (CCCOT), de l’initiative GéoBase, des données de l’Atlas du Canada et de la mise à jour des données effectuée à l’aide de la couverture d’imagerie satellitaire (ex. Landsat, Spot, Radarsat, etc.).</gmd:LocalisedCharacterString>
          </gmd:textGroup>
        </gmd:PT_FreeText>
      </gmd:abstract>
      <gmd:purpose xsi:type="gmd:PT_FreeText_PropertyType">
        <gco:CharacterString>CanVec aims to update and standardize the representation of topographic features for the entire Canadian territory. The long term objective is to maintain data with the highest possible resolution and then automatically generate other scales. Topographic features coming from the NTDB are not up to date. These features are included in the CanVec product for cartographic reference purpose only. CanVec can be used in Web Mapping Services (WMS), Geographical Information Systems (GIS) applications, and used to produce thematic maps. Because of its many attributes, CanVec allows for extensive spatial analysis. CanVec is maintained in partnership with the data providing organizations.</gco:CharacterString>
        <gmd:PT_FreeText>
          <gmd:textGroup>
            <gmd:LocalisedCharacterString locale="#fra">CanVec vise à actualiser et à uniformiser la représentation des phénomènes topographiques présents sur l’ensemble du territoire canadien. Le but à long terme est de maintenir des données ayant la meilleure résolution et de générer automatiquement les autres échelles par la suite. Les entités topographiques provenant de la BNDT n’ont pas été actualisées. Certaines de ces entités font toutefois partie du produit CanVec pour des fins de référence cartographique. CanVec peut être utilisé dans des services de cartographie Web communément appelé Web Mapping Service (WMS), dans des applications de systèmes d'information géographique (SIG) et permet de produire des cartes thématiques. En raison de ses nombreux attributs, CanVec permet des analyses spatiales approfondies. Le produit CanVec est maintenu en partenariat avec les organisations qui fournissent les données.</gmd:LocalisedCharacterString>
          </gmd:textGroup>
        </gmd:PT_FreeText>
      </gmd:purpose>
      <gmd:status>
        <gmd:MD_ProgressCode codeList="http://nap.geogratis.gc.ca/metadata/register/napMetadataRegister.xml#IC_106" codeListValue="RI_593">completed; complété</gmd:MD_ProgressCode>
      </gmd:status>
      <gmd:pointOfContact>
        <gmd:CI_ResponsibleParty>
          <gmd:organisationName xsi:type="gmd:PT_FreeText_PropertyType">
            <gco:CharacterString>Government of Canada; Natural Resources Canada; Earth Sciences Sector</gco:CharacterString>
            <gmd:PT_FreeText>
              <gmd:textGroup>
                <gmd:LocalisedCharacterString locale="#fra">Gouvernement du Canada; Ressources naturelles Canada; Secteur des sciences de la Terre</gmd:LocalisedCharacterString>
              </gmd:textGroup>
            </gmd:PT_FreeText>
          </gmd:organisationName>
          <gmd:positionName xsi:type="gmd:PT_FreeText_PropertyType">
            <gco:CharacterString>GeoGratis Client Services</gco:CharacterString>
            <gmd:PT_FreeText>
              <gmd:textGroup>
                <gmd:LocalisedCharacterString locale="#fra">Service à la clientèle de GéoGratis</gmd:LocalisedCharacterString>
              </gmd:textGroup>
            </gmd:PT_FreeText>
          </gmd:positionName>
          <gmd:contactInfo>
            <gmd:CI_Contact>
              <gmd:phone>
                <gmd:CI_Telephone>
                  <gmd:voice xsi:type="gmd:PT_FreeText_PropertyType">
                    <gco:CharacterString>voice; 1 (819) 5645600</gco:CharacterString>
                    <gmd:PT_FreeText>
                      <gmd:textGroup>
                        <gmd:LocalisedCharacterString locale="#fra">voix; 1 (819) 5645600</gmd:LocalisedCharacterString>
                      </gmd:textGroup>
                    </gmd:PT_FreeText>
                  </gmd:voice>
                  <gmd:voice xsi:type="gmd:PT_FreeText_PropertyType">
                    <gco:CharacterString>voice; 1 (800) 6612638</gco:CharacterString>
                    <gmd:PT_FreeText>
                      <gmd:textGroup>
                        <gmd:LocalisedCharacterString locale="#fra">voix; 1 (800) 6612638</gmd:LocalisedCharacterString>
                      </gmd:textGroup>
                    </gmd:PT_FreeText>
                  </gmd:voice>
                  <gmd:facsimile>
                    <gco:CharacterString>1 (819) 5645698</gco:CharacterString>
                  </gmd:facsimile>
                </gmd:CI_Telephone>
              </gmd:phone>
              <gmd:address>
                <gmd:CI_Address>
                  <gmd:electronicMailAddress xsi:type="gmd:PT_FreeText_PropertyType">
                    <gco:CharacterString>NRCan.geogratis-geogratis.RNCan@canada.ca</gco:CharacterString>
                    <gmd:PT_FreeText>
                      <gmd:textGroup>
                        <gmd:LocalisedCharacterString locale="#fra">NRCan.geogratis-geogratis.RNCan@canada.ca</gmd:LocalisedCharacterString>
                      </gmd:textGroup>
                    </gmd:PT_FreeText>
                  </gmd:electronicMailAddress>
                </gmd:CI_Address>
              </gmd:address>
              <gmd:onlineResource>
                <gmd:CI_OnlineResource>
                  <gmd:linkage>
                    <gmd:URL>www.geogratis.gc.ca</gmd:URL>
                  </gmd:linkage>
                  <gmd:protocol>
                    <gco:CharacterString>HTTP</gco:CharacterString>
                  </gmd:protocol>
                  <gmd:function>
                    <gmd:CI_OnLineFunctionCode codeList="http://nap.geogratis.gc.ca/metadata/register/napMetadataRegister.xml#IC_88" codeListValue="RI_376">information; information</gmd:CI_OnLineFunctionCode>
                  </gmd:function>
                </gmd:CI_OnlineResource>
              </gmd:onlineResource>
              <gmd:hoursOfService>
                <gco:CharacterString>8:30/12:00; 13:00/16:30</gco:CharacterString>
              </gmd:hoursOfService>
            </gmd:CI_Contact>
          </gmd:contactInfo>
          <gmd:role>
            <gmd:CI_RoleCode codeList="http://nap.geogratis.gc.ca/metadata/register/napMetadataRegister.xml#IC_90" codeListValue="RI_414">pointOfContact; contact</gmd:CI_RoleCode>
          </gmd:role>
        </gmd:CI_ResponsibleParty>
      </gmd:pointOfContact>
      <gmd:resourceMaintenance>
        <gmd:MD_MaintenanceInformation>
          <gmd:maintenanceAndUpdateFrequency>
            <gmd:MD_MaintenanceFrequencyCode codeList="http://nap.geogratis.gc.ca/metadata/register/napMetadataRegister.xml#IC_102" codeListValue="RI_538">continual; continue</gmd:MD_MaintenanceFrequencyCode>
          </gmd:maintenanceAndUpdateFrequency>
          <gmd:updateScope>
            <gmd:MD_ScopeCode codeList="http://nap.geogratis.gc.ca/metadata/register/napMetadataRegister.xml#IC_108" codeListValue="RI_623">series; série</gmd:MD_ScopeCode>
          </gmd:updateScope>
        </gmd:MD_MaintenanceInformation>
      </gmd:resourceMaintenance>
      <gmd:descriptiveKeywords>
        <gmd:MD_Keywords>
          <gmd:keyword xsi:type="gmd:PT_FreeText_PropertyType">
            <gco:CharacterString>CanVec; Canada</gco:CharacterString>
            <gmd:PT_FreeText>
              <gmd:textGroup>
                <gmd:LocalisedCharacterString locale="#fra">CanVec; Canada</gmd:LocalisedCharacterString>
              </gmd:textGroup>
            </gmd:PT_FreeText>
          </gmd:keyword>
          <gmd:type>
            <gmd:MD_KeywordTypeCode codeList="http://nap.geogratis.gc.ca/metadata/register/napMetadataRegister.xml#IC_101" codeListValue="RI_529">product; produit</gmd:MD_KeywordTypeCode>
          </gmd:type>
        </gmd:MD_Keywords>
      </gmd:descriptiveKeywords>
      <gmd:descriptiveKeywords>
        <gmd:MD_Keywords>
          <gmd:keyword xsi:type="gmd:PT_FreeText_PropertyType">
            <gco:CharacterString>Earth Science</gco:CharacterString>
            <gmd:PT_FreeText>
              <gmd:textGroup>
                <gmd:LocalisedCharacterString locale="#fra">Sciences de la Terre</gmd:LocalisedCharacterString>
              </gmd:textGroup>
            </gmd:PT_FreeText>
          </gmd:keyword>
          <gmd:type>
            <gmd:MD_KeywordTypeCode codeList="http://nap.geogratis.gc.ca/metadata/register/napMetadataRegister.xml#IC_101" codeListValue="RI_524">discipline, discipline</gmd:MD_KeywordTypeCode>
          </gmd:type>
        </gmd:MD_Keywords>
      </gmd:descriptiveKeywords>
      <gmd:descriptiveKeywords>
        <gmd:MD_Keywords>
          <gmd:keyword xsi:type="gmd:PT_FreeText_PropertyType">
            <gco:CharacterString>Infrastructure</gco:CharacterString>
            <gmd:PT_FreeText>
              <gmd:textGroup>
                <gmd:LocalisedCharacterString locale="#FR">Infrastructure</gmd:LocalisedCharacterString>
              </gmd:textGroup>
            </gmd:PT_FreeText>
          </gmd:keyword>
          <gmd:type>
            <gmd:MD_KeywordTypeCode codeList="http://nap.geogratis.gc.ca/metadata/register/napMetadataRegister.xml#IC_101" codeListValue="RI_528">theme; thème</gmd:MD_KeywordTypeCode>
          </gmd:type>
          <gmd:thesaurusName>
            <gmd:CI_Citation>
              <gmd:title xsi:type="gmd:PT_FreeText_PropertyType">
                <gco:CharacterString>Government of Canada Core Subject Thesaurus</gco:CharacterString>
                <gmd:PT_FreeText>
                  <gmd:textGroup>
                    <gmd:LocalisedCharacterString locale="#fra">Thésaurus des sujets de base du gouvernement du Canada</gmd:LocalisedCharacterString>
                  </gmd:textGroup>
                </gmd:PT_FreeText>
              </gmd:title>
              <gmd:date>
                <gmd:CI_Date>
                  <gmd:date>
                    <gco:Date>2004</gco:Date>
                  </gmd:date>
                  <gmd:dateType>
                    <gmd:CI_DateTypeCode codeList="http://nap.geogratis.gc.ca/metadata/register/napMetadataRegister.xml#IC_87" codeListValue="RI_366">creation; création</gmd:CI_DateTypeCode>
                  </gmd:dateType>
                </gmd:CI_Date>
              </gmd:date>
              <gmd:date>
                <gmd:CI_Date>
                  <gmd:date>
                    <gco:Date>2015-03-26</gco:Date>
                  </gmd:date>
                  <gmd:dateType>
                    <gmd:CI_DateTypeCode codeList="http://nap.geogratis.gc.ca/metadata/register/napMetadataRegister.xml#IC_87" codeListValue="RI_368">revision; révision</gmd:CI_DateTypeCode>
                  </gmd:dateType>
                </gmd:CI_Date>
              </gmd:date>
              <gmd:citedResponsibleParty>
                <gmd:CI_ResponsibleParty>
                  <gmd:organisationName xsi:type="gmd:PT_FreeText_PropertyType">
                    <gco:CharacterString>Government of Canada; Library and Archives Canada</gco:CharacterString>
                    <gmd:PT_FreeText>
                      <gmd:textGroup>
                        <gmd:LocalisedCharacterString locale="#fra">Gouvernement du Canada; Bibliothèque et Archives Canada</gmd:LocalisedCharacterString>
                      </gmd:textGroup>
                    </gmd:PT_FreeText>
                  </gmd:organisationName>
                  <gmd:role>
                    <gmd:CI_RoleCode codeList="http://nap.geogratis.gc.ca/metadata/register/napMetadataRegister.xml#IC_90" codeListValue="RI_409">custodian; conservateur</gmd:CI_RoleCode>
                  </gmd:role>
                </gmd:CI_ResponsibleParty>
              </gmd:citedResponsibleParty>
            </gmd:CI_Citation>
          </gmd:thesaurusName>
        </gmd:MD_Keywords>
      </gmd:descriptiveKeywords>
      <gmd:descriptiveKeywords>
        <gmd:MD_Keywords>
          <gmd:keyword xsi:type="gmd:PT_FreeText_PropertyType">
            <gco:CharacterString>Highway</gco:CharacterString>
            <gmd:PT_FreeText>
              <gmd:textGroup>
                <gmd:LocalisedCharacterString locale="#FR">Autoroute</gmd:LocalisedCharacterString>
              </gmd:textGroup>
            </gmd:PT_FreeText>
          </gmd:keyword>
          <gmd:keyword xsi:type="gmd:PT_FreeText_PropertyType">
            <gco:CharacterString>Street</gco:CharacterString>
            <gmd:PT_FreeText>
              <gmd:textGroup>
                <gmd:LocalisedCharacterString locale="#FR">Rue</gmd:LocalisedCharacterString>
              </gmd:textGroup>
            </gmd:PT_FreeText>
          </gmd:keyword>
          <gmd:keyword xsi:type="gmd:PT_FreeText_PropertyType">
            <gco:CharacterString>Bridge</gco:CharacterString>
            <gmd:PT_FreeText>
              <gmd:textGroup>
                <gmd:LocalisedCharacterString locale="#FR">Pont</gmd:LocalisedCharacterString>
              </gmd:textGroup>
            </gmd:PT_FreeText>
          </gmd:keyword>
          <gmd:keyword xsi:type="gmd:PT_FreeText_PropertyType">
            <gco:CharacterString>Seaplane base</gco:CharacterString>
            <gmd:PT_FreeText>
              <gmd:textGroup>
                <gmd:LocalisedCharacterString locale="#FR">Hydroaérodrome</gmd:LocalisedCharacterString>
              </gmd:textGroup>
            </gmd:PT_FreeText>
          </gmd:keyword>
          <gmd:keyword xsi:type="gmd:PT_FreeText_PropertyType">
            <gco:CharacterString>Airport</gco:CharacterString>
            <gmd:PT_FreeText>
              <gmd:textGroup>
                <gmd:LocalisedCharacterString locale="#FR">Aéroport</gmd:LocalisedCharacterString>
              </gmd:textGroup>
            </gmd:PT_FreeText>
          </gmd:keyword>
          <gmd:keyword xsi:type="gmd:PT_FreeText_PropertyType">
            <gco:CharacterString>Heliport</gco:CharacterString>
            <gmd:PT_FreeText>
              <gmd:textGroup>
                <gmd:LocalisedCharacterString locale="#FR">Héliport</gmd:LocalisedCharacterString>
              </gmd:textGroup>
            </gmd:PT_FreeText>
          </gmd:keyword>
          <gmd:keyword xsi:type="gmd:PT_FreeText_PropertyType">
            <gco:CharacterString>Ferry</gco:CharacterString>
            <gmd:PT_FreeText>
              <gmd:textGroup>
                <gmd:LocalisedCharacterString locale="#FR">Traversée</gmd:LocalisedCharacterString>
              </gmd:textGroup>
            </gmd:PT_FreeText>
          </gmd:keyword>
          <gmd:keyword xsi:type="gmd:PT_FreeText_PropertyType">
            <gco:CharacterString>Tunnel</gco:CharacterString>
            <gmd:PT_FreeText>
              <gmd:textGroup>
                <gmd:LocalisedCharacterString locale="#FR">Tunnel</gmd:LocalisedCharacterString>
              </gmd:textGroup>
            </gmd:PT_FreeText>
          </gmd:keyword>
          <gmd:keyword xsi:type="gmd:PT_FreeText_PropertyType">
            <gco:CharacterString>Snowshed</gco:CharacterString>
            <gmd:PT_FreeText>
              <gmd:textGroup>
                <gmd:LocalisedCharacterString locale="#FR">Paraneige</gmd:LocalisedCharacterString>
              </gmd:textGroup>
            </gmd:PT_FreeText>
          </gmd:keyword>
          <gmd:keyword xsi:type="gmd:PT_FreeText_PropertyType">
            <gco:CharacterString>Culvert</gco:CharacterString>
            <gmd:PT_FreeText>
              <gmd:textGroup>
                <gmd:LocalisedCharacterString locale="#FR">Ponceau</gmd:LocalisedCharacterString>
              </gmd:textGroup>
            </gmd:PT_FreeText>
          </gmd:keyword>
          <gmd:keyword xsi:type="gmd:PT_FreeText_PropertyType">
            <gco:CharacterString>Dam</gco:CharacterString>
            <gmd:PT_FreeText>
              <gmd:textGroup>
                <gmd:LocalisedCharacterString locale="#FR">Barrage</gmd:LocalisedCharacterString>
              </gmd:textGroup>
            </gmd:PT_FreeText>
          </gmd:keyword>
          <gmd:keyword xsi:type="gmd:PT_FreeText_PropertyType">
            <gco:CharacterString>Boat ramp</gco:CharacterString>
            <gmd:PT_FreeText>
              <gmd:textGroup>
                <gmd:LocalisedCharacterString locale="#FR">Rampe de mise à l'eau</gmd:LocalisedCharacterString>
              </gmd:textGroup>
            </gmd:PT_FreeText>
          </gmd:keyword>
          <gmd:keyword xsi:type="gmd:PT_FreeText_PropertyType">
            <gco:CharacterString>Slip</gco:CharacterString>
            <gmd:PT_FreeText>
              <gmd:textGroup>
                <gmd:LocalisedCharacterString locale="#FR">Cale</gmd:LocalisedCharacterString>
              </gmd:textGroup>
            </gmd:PT_FreeText>
          </gmd:keyword>
          <gmd:keyword xsi:type="gmd:PT_FreeText_PropertyType">
            <gco:CharacterString>Lockgate</gco:CharacterString>
            <gmd:PT_FreeText>
              <gmd:textGroup>
                <gmd:LocalisedCharacterString locale="#FR">Porte d'écluse</gmd:LocalisedCharacterString>
              </gmd:textGroup>
            </gmd:PT_FreeText>
          </gmd:keyword>
          <gmd:keyword xsi:type="gmd:PT_FreeText_PropertyType">
            <gco:CharacterString>Wharf</gco:CharacterString>
            <gmd:PT_FreeText>
              <gmd:textGroup>
                <gmd:LocalisedCharacterString locale="#FR">Quai</gmd:LocalisedCharacterString>
              </gmd:textGroup>
            </gmd:PT_FreeText>
          </gmd:keyword>
          <gmd:keyword xsi:type="gmd:PT_FreeText_PropertyType">
            <gco:CharacterString>Dock</gco:CharacterString>
            <gmd:PT_FreeText>
              <gmd:textGroup>
                <gmd:LocalisedCharacterString locale="#FR">Dock</gmd:LocalisedCharacterString>
              </gmd:textGroup>
            </gmd:PT_FreeText>
          </gmd:keyword>
          <gmd:keyword xsi:type="gmd:PT_FreeText_PropertyType">
            <gco:CharacterString>Road</gco:CharacterString>
            <gmd:PT_FreeText>
              <gmd:textGroup>
                <gmd:LocalisedCharacterString locale="#FR">Route</gmd:LocalisedCharacterString>
              </gmd:textGroup>
            </gmd:PT_FreeText>
          </gmd:keyword>
          <gmd:type>
            <gmd:MD_KeywordTypeCode codeList="http://nap.geogratis.gc.ca/metadata/register/napMetadataRegister.xml#IC_101" codeListValue="RI_528">theme; thème</gmd:MD_KeywordTypeCode>
          </gmd:type>
        </gmd:MD_Keywords>
      </gmd:descriptiveKeywords>
      <gmd:resourceConstraints>
        <gmd:MD_LegalConstraints>
          <gmd:useLimitation xsi:type="gmd:PT_FreeText_PropertyType">
            <gco:CharacterString>Open Government Licence - Canada (http://open.canada.ca/en/open-government-licence-canada)</gco:CharacterString>
            <gmd:PT_FreeText>
              <gmd:textGroup>
                <gmd:LocalisedCharacterString locale="#fra">Licence du gouvernement ouvert - Canada (http://ouvert.canada.ca/fr/licence-du-gouvernement-ouvert-canada)</gmd:LocalisedCharacterString>
              </gmd:textGroup>
            </gmd:PT_FreeText>
          </gmd:useLimitation>
          <gmd:accessConstraints>
            <gmd:MD_RestrictionCode codeListValue="RI_606" codeList="http://nap.geogratis.gc.ca/metadata/register/napMetadataRegister.xml#IC_107">licence; licence</gmd:MD_RestrictionCode>
          </gmd:accessConstraints>
          <gmd:useConstraints>
            <gmd:MD_RestrictionCode codeListValue="RI_606" codeList="http://nap.geogratis.gc.ca/metadata/register/napMetadataRegister.xml#IC_107">licence; licence</gmd:MD_RestrictionCode>
          </gmd:useConstraints>
        </gmd:MD_LegalConstraints>
      </gmd:resourceConstraints>
      <gmd:spatialRepresentationType>
        <gmd:MD_SpatialRepresentationTypeCode codeList="http://nap.geogratis.gc.ca/metadata/register/napMetadataRegister.xml#IC_109" codeListValue="RI_635">vector; vecteur</gmd:MD_SpatialRepresentationTypeCode>
      </gmd:spatialRepresentationType>
      <gmd:spatialResolution>
        <gmd:MD_Resolution>
          <gmd:equivalentScale>
            <gmd:MD_RepresentativeFraction>
              <gmd:denominator>
                <gco:Integer>50000</gco:Integer>
              </gmd:denominator>
            </gmd:MD_RepresentativeFraction>
          </gmd:equivalentScale>
        </gmd:MD_Resolution>
      </gmd:spatialResolution>
      <gmd:spatialResolution>
                <gmd:MD_Resolution>
                    <gmd:equivalentScale>
                        <gmd:MD_RepresentativeFraction>
                            <gmd:denominator>
                                <gco:Integer>250000</gco:Integer>
                            </gmd:denominator>
                        </gmd:MD_RepresentativeFraction>
                    </gmd:equivalentScale>
                </gmd:MD_Resolution>
            </gmd:spatialResolution>
      <gmd:spatialResolution>
                <gmd:MD_Resolution>
                    <gmd:equivalentScale>
                        <gmd:MD_RepresentativeFraction>
                            <gmd:denominator>
                                <gco:Integer>1000000</gco:Integer>
                            </gmd:denominator>
                        </gmd:MD_RepresentativeFraction>
                    </gmd:equivalentScale>
                </gmd:MD_Resolution>
            </gmd:spatialResolution>
      <gmd:spatialResolution>
                <gmd:MD_Resolution>
                    <gmd:equivalentScale>
                        <gmd:MD_RepresentativeFraction>
                            <gmd:denominator>
                                <gco:Integer>5000000</gco:Integer>
                            </gmd:denominator>
                        </gmd:MD_RepresentativeFraction>
                    </gmd:equivalentScale>
                </gmd:MD_Resolution>
            </gmd:spatialResolution>
      <gmd:spatialResolution>
                <gmd:MD_Resolution>
                    <gmd:equivalentScale>
                        <gmd:MD_RepresentativeFraction>
                            <gmd:denominator>
                                <gco:Integer>15000000</gco:Integer>
                            </gmd:denominator>
                        </gmd:MD_RepresentativeFraction>
                    </gmd:equivalentScale>
                </gmd:MD_Resolution>
            </gmd:spatialResolution>
      <gmd:language>
        <gco:CharacterString>eng; CAN</gco:CharacterString>
      </gmd:language>
      <gmd:language>
        <gco:CharacterString>fra; CAN</gco:CharacterString>
      </gmd:language>
      <gmd:characterSet>
        <gmd:MD_CharacterSetCode codeList="http://nap.geogratis.gc.ca/metadata/register/napMetadataRegister.xml#IC_95" codeListValue="RI_458">utf8; utf8</gmd:MD_CharacterSetCode>
      </gmd:characterSet>
      <gmd:topicCategory>
        <gmd:MD_TopicCategoryCode>imageryBaseMapsEarthCover</gmd:MD_TopicCategoryCode>
      </gmd:topicCategory>
      <gmd:extent>
        <gmd:EX_Extent>
          <gmd:geographicElement>
            <gmd:EX_GeographicBoundingBox>
              <gmd:extentTypeCode>
                <gco:Boolean>1</gco:Boolean>
              </gmd:extentTypeCode>
              <gmd:westBoundLongitude>
                <gco:Decimal>-141.00</gco:Decimal>
              </gmd:westBoundLongitude>
              <gmd:eastBoundLongitude>
                <gco:Decimal>-51.00</gco:Decimal>
              </gmd:eastBoundLongitude>
              <gmd:southBoundLatitude>
                <gco:Decimal>41.00</gco:Decimal>
              </gmd:southBoundLatitude>
              <gmd:northBoundLatitude>
                <gco:Decimal>85.00</gco:Decimal>
              </gmd:northBoundLatitude>
            </gmd:EX_GeographicBoundingBox>
          </gmd:geographicElement>
        </gmd:EX_Extent>
      </gmd:extent>
      <gmd:extent>
        <gmd:EX_Extent>
          <gmd:temporalElement>
            <gmd:EX_TemporalExtent>
              <gmd:extent>
                <gml:TimePeriod gml:id="tp1">
                  <gml:begin>
                    <gml:TimeInstant gml:id="ti1">
                      <gml:timePosition>1944</gml:timePosition>
                    </gml:TimeInstant>
                  </gml:begin>
                  <gml:end>
                    <gml:TimeInstant gml:id="ti2">
                      <gml:timePosition/>
                    </gml:TimeInstant>
                  </gml:end>
                </gml:TimePeriod>
              </gmd:extent>
            </gmd:EX_TemporalExtent>
          </gmd:temporalElement>
        </gmd:EX_Extent>
      </gmd:extent>
      <gmd:supplementalInformation xsi:type="gmd:PT_FreeText_PropertyType">
        <gco:CharacterString>This product is subject to discrepancies detection process. A discrepancy is defined as any deviation of dataset (or metadata) from the product's Standards and Specifications. For information on detected discrepancies, contact Customer Support Group (NRCan.geogratis-geogratis.RNCan@canada.ca).</gco:CharacterString>
        <gmd:PT_FreeText>
          <gmd:textGroup>
            <gmd:LocalisedCharacterString locale="#fra">Ce produit est soumis à un processus de détection d'anomalies. Le terme anomalie désigne toute observation qui rend un jeu de données (ou métadonnées) non conforme aux normes et spécifications du produit. Pour de plus amples informations sur les anomalies détectées, contacter l'équipe de soutien aux usagers (NRCan.geogratis-geogratis.RNCan@canada.ca).</gmd:LocalisedCharacterString>
          </gmd:textGroup>
        </gmd:PT_FreeText>
      </gmd:supplementalInformation>
    </gmd:MD_DataIdentification>
  </gmd:identificationInfo>
  <gmd:distributionInfo>
    <gmd:MD_Distribution>
      <gmd:distributionFormat>
        <gmd:MD_Format>
          <gmd:name>
            <gco:CharacterString>GML</gco:CharacterString>
          </gmd:name>
          <gmd:version>
            <gco:CharacterString>3.1.1</gco:CharacterString>
          </gmd:version>
          <gmd:specification>
            <gco:CharacterString>Open Geospatial Consortium Inc., OpenGIS®Geography Markup Language (GML) Implementation Specification, Version 3.1.1, 2004-02-07, Reference number of this OGC® project document: 03-105r1 (http://portal.opengeospatial.org/files/?artifact_id=4700)</gco:CharacterString>
          </gmd:specification>
        </gmd:MD_Format>
      </gmd:distributionFormat>
      <gmd:distributionFormat>
        <gmd:MD_Format>
          <gmd:name>
            <gco:CharacterString>SHP</gco:CharacterString>
          </gmd:name>
          <gmd:version xsi:type="gmd:PT_FreeText_PropertyType">
            <gco:CharacterString>unknown</gco:CharacterString>
            <gmd:PT_FreeText>
              <gmd:textGroup>
                <gmd:LocalisedCharacterString locale="#fra">inconnue</gmd:LocalisedCharacterString>
              </gmd:textGroup>
            </gmd:PT_FreeText>
          </gmd:version>
        </gmd:MD_Format>
      </gmd:distributionFormat>
      <gmd:distributionFormat>
        <gmd:MD_Format>
          <gmd:name>
            <gco:CharacterString>FGDB / GDB</gco:CharacterString>
          </gmd:name>
          <gmd:version xsi:type="gmd:PT_FreeText_PropertyType">
            <gco:CharacterString>unknown</gco:CharacterString>
            <gmd:PT_FreeText>
              <gmd:textGroup>
                <gmd:LocalisedCharacterString locale="#fra">inconnue</gmd:LocalisedCharacterString>
              </gmd:textGroup>
            </gmd:PT_FreeText>
          </gmd:version>
        </gmd:MD_Format>
      </gmd:distributionFormat>
      <gmd:distributor>
        <gmd:MD_Distributor>
          <gmd:distributorContact>
            <gmd:CI_ResponsibleParty>
              <gmd:organisationName xsi:type="gmd:PT_FreeText_PropertyType">
                <gco:CharacterString>Government of Canada; Natural Resources Canada; Earth Sciences Sector</gco:CharacterString>
                <gmd:PT_FreeText>
                  <gmd:textGroup>
                    <gmd:LocalisedCharacterString locale="#fra">Gouvernement du Canada; Ressources naturelles Canada; Secteur des sciences de la Terre</gmd:LocalisedCharacterString>
                  </gmd:textGroup>
                </gmd:PT_FreeText>
              </gmd:organisationName>
              <gmd:positionName xsi:type="gmd:PT_FreeText_PropertyType">
                <gco:CharacterString>GeoGratis Client Services</gco:CharacterString>
                <gmd:PT_FreeText>
                  <gmd:textGroup>
                    <gmd:LocalisedCharacterString locale="#fra">Service à la clientèle de GéoGratis</gmd:LocalisedCharacterString>
                  </gmd:textGroup>
                </gmd:PT_FreeText>
              </gmd:positionName>
              <gmd:contactInfo>
                <gmd:CI_Contact>
                  <gmd:phone>
                    <gmd:CI_Telephone>
                      <gmd:voice xsi:type="gmd:PT_FreeText_PropertyType">
                        <gco:CharacterString>voice; 1 (819) 5645600</gco:CharacterString>
                        <gmd:PT_FreeText>
                          <gmd:textGroup>
                            <gmd:LocalisedCharacterString locale="#fra">voix; 1 (819) 5645600</gmd:LocalisedCharacterString>
                          </gmd:textGroup>
                        </gmd:PT_FreeText>
                      </gmd:voice>
                      <gmd:voice xsi:type="gmd:PT_FreeText_PropertyType">
                        <gco:CharacterString>voice; 1 (800) 6612638</gco:CharacterString>
                        <gmd:PT_FreeText>
                          <gmd:textGroup>
                            <gmd:LocalisedCharacterString locale="#fra">voix; 1 (800) 6612638</gmd:LocalisedCharacterString>
                          </gmd:textGroup>
                        </gmd:PT_FreeText>
                      </gmd:voice>
                      <gmd:facsimile>
                        <gco:CharacterString>1 (819) 5645698</gco:CharacterString>
                      </gmd:facsimile>
                    </gmd:CI_Telephone>
                  </gmd:phone>
                  <gmd:address>
                    <gmd:CI_Address>
                      <gmd:electronicMailAddress xsi:type="gmd:PT_FreeText_PropertyType">
                        <gco:CharacterString>NRCan.geogratis-geogratis.RNCan@canada.ca</gco:CharacterString>
                        <gmd:PT_FreeText>
                          <gmd:textGroup>
                            <gmd:LocalisedCharacterString locale="#fra">NRCan.geogratis-geogratis.RNCan@canada.ca</gmd:LocalisedCharacterString>
                          </gmd:textGroup>
                        </gmd:PT_FreeText>
                      </gmd:electronicMailAddress>
                    </gmd:CI_Address>
                  </gmd:address>
                  <gmd:hoursOfService>
                    <gco:CharacterString>8:30/12:00; 13:00/16:30</gco:CharacterString>
                  </gmd:hoursOfService>
                </gmd:CI_Contact>
              </gmd:contactInfo>
              <gmd:role>
                <gmd:CI_RoleCode codeList="http://nap.geogratis.gc.ca/metadata/register/napMetadataRegister.xml#IC_90" codeListValue="RI_412">distributor; distributeur</gmd:CI_RoleCode>
              </gmd:role>
            </gmd:CI_ResponsibleParty>
          </gmd:distributorContact>
          <gmd:distributionOrderProcess>
            <gmd:MD_StandardOrderProcess>
              <gmd:fees xsi:type="gmd:PT_FreeText_PropertyType">
                <gco:CharacterString>Free for download</gco:CharacterString>
                <gmd:PT_FreeText>
                  <gmd:textGroup>
                    <gmd:LocalisedCharacterString locale="#fra">Gratuit pour les télécharger</gmd:LocalisedCharacterString>
                  </gmd:textGroup>
                </gmd:PT_FreeText>
              </gmd:fees>
            </gmd:MD_StandardOrderProcess>
          </gmd:distributionOrderProcess>
        </gmd:MD_Distributor>
      </gmd:distributor>
      <gmd:transferOptions>
        <gmd:MD_DigitalTransferOptions>
          <gmd:onLine xlink:role="urn:xml:lang:eng-CAN">
            <gmd:CI_OnlineResource>
              <gmd:linkage>
                <gmd:URL>http://geogratis.gc.ca/site/eng/extraction</gmd:URL>
              </gmd:linkage>
              <gmd:protocol>
                <gco:CharacterString>HTTP, FTP</gco:CharacterString>
              </gmd:protocol>
              <gmd:name>
                <gco:CharacterString>Application</gco:CharacterString>
              </gmd:name>
              <gmd:description xsi:type="gmd:PT_FreeText_PropertyType">
                <gco:CharacterString>Access data in SHAPE, GML or FGDB formats through the dynamic extraction tool (English)</gco:CharacterString>
                <gmd:PT_FreeText>
                  <gmd:textGroup>
                    <gmd:LocalisedCharacterString locale="#fra">Accédez aux données en formats SHAPE, GML ou FGDB via l'outil d'extraction dynamique (Anglais)</gmd:LocalisedCharacterString>
                  </gmd:textGroup>
                </gmd:PT_FreeText>
              </gmd:description>
              <gmd:function>
                <gmd:CI_OnLineFunctionCode codeList="http://nap.geogratis.gc.ca/metadata/register/napMetadataRegister.xml#IC_88" codeListValue="RI_376">information; information</gmd:CI_OnLineFunctionCode>
              </gmd:function>
            </gmd:CI_OnlineResource>
          </gmd:onLine>
        </gmd:MD_DigitalTransferOptions>
      </gmd:transferOptions>
      <gmd:transferOptions>
        <gmd:MD_DigitalTransferOptions>
          <gmd:onLine xlink:role="urn:xml:lang:fra-CAN">
            <gmd:CI_OnlineResource>
              <gmd:linkage>
                <gmd:URL>http://geogratis.gc.ca/site/fra/extraction</gmd:URL>
              </gmd:linkage>
              <gmd:protocol>
                <gco:CharacterString>HTTP, FTP</gco:CharacterString>
              </gmd:protocol>
              <gmd:name>
                <gco:CharacterString>Application</gco:CharacterString>
              </gmd:name>
              <gmd:description xsi:type="gmd:PT_FreeText_PropertyType">
                <gco:CharacterString>Access data in SHAPE, GML or FGDB formats through the dynamic extraction tool (French)</gco:CharacterString>
                <gmd:PT_FreeText>
                  <gmd:textGroup>
                    <gmd:LocalisedCharacterString locale="#fra">Accédez aux données en formats SHAPE, GML ou FGDB via l'outil d'extraction dynamique (Français)</gmd:LocalisedCharacterString>
                  </gmd:textGroup>
                </gmd:PT_FreeText>
              </gmd:description>
              <gmd:function>
                <gmd:CI_OnLineFunctionCode codeList="http://nap.geogratis.gc.ca/metadata/register/napMetadataRegister.xml#IC_88" codeListValue="RI_376">information; information</gmd:CI_OnLineFunctionCode>
              </gmd:function>
            </gmd:CI_OnlineResource>
          </gmd:onLine>
        </gmd:MD_DigitalTransferOptions>
      </gmd:transferOptions>
      <gmd:transferOptions>
    <gmd:MD_DigitalTransferOptions>
        <gmd:onLine>
            <gmd:CI_OnlineResource>
                <gmd:linkage>
                    <gmd:URL>http://ftp.geogratis.gc.ca/pub/nrcan_rncan/vector/canvec/fgdb/Transport</gmd:URL>
                </gmd:linkage>
                <gmd:protocol>
                    <gco:CharacterString>HTTP</gco:CharacterString>
                </gmd:protocol>
                <gmd:name>
                    <gco:CharacterString>FGDB / GDB</gco:CharacterString>
                </gmd:name>
                <gmd:description xsi:type="gmd:PT_FreeText_PropertyType">
                    <gco:CharacterString>Download folder for files in FGDB format </gco:CharacterString>
                    <gmd:PT_FreeText>
                        <gmd:textGroup>
                            <gmd:LocalisedCharacterString locale="#FR">Répertoire de téléchargement des fichiers en format GDB</gmd:LocalisedCharacterString>
                        </gmd:textGroup>
                    </gmd:PT_FreeText>
                </gmd:description>
                <gmd:function>
                    <gmd:CI_OnLineFunctionCode codeListValue="RI_375" codeList="http://nap.geogratis.gc.ca/metadata/register/napMetadataRegister.xml#IC_88">download: téléchargement</gmd:CI_OnLineFunctionCode>
                </gmd:function>
            </gmd:CI_OnlineResource>
        </gmd:onLine>
    </gmd:MD_DigitalTransferOptions>
   </gmd:transferOptions>
      <gmd:transferOptions>
    <gmd:MD_DigitalTransferOptions>
        <gmd:onLine>
            <gmd:CI_OnlineResource>
                <gmd:linkage>
                    <gmd:URL>http://ftp.geogratis.gc.ca/pub/nrcan_rncan/vector/canvec/shp/Transport</gmd:URL>
                </gmd:linkage>
                <gmd:protocol>
                    <gco:CharacterString>HTTP</gco:CharacterString>
                </gmd:protocol>
                <gmd:name>
                    <gco:CharacterString>SHP</gco:CharacterString>
                </gmd:name>
                <gmd:description xsi:type="gmd:PT_FreeText_PropertyType">
                    <gco:CharacterString>Download folder for files in SHP format </gco:CharacterString>
                    <gmd:PT_FreeText>
                        <gmd:textGroup>
                            <gmd:LocalisedCharacterString locale="#FR">Répertoire de téléchargement des fichiers en format SHP</gmd:LocalisedCharacterString>
                        </gmd:textGroup>
                    </gmd:PT_FreeText>
                </gmd:description>
                <gmd:function>
                    <gmd:CI_OnLineFunctionCode codeListValue="RI_375" codeList="http://nap.geogratis.gc.ca/metadata/register/napMetadataRegister.xml#IC_88">download: téléchargement</gmd:CI_OnLineFunctionCode>
                </gmd:function>
            </gmd:CI_OnlineResource>
        </gmd:onLine>
    </gmd:MD_DigitalTransferOptions>
   </gmd:transferOptions>
      <gmd:transferOptions>
    <gmd:MD_DigitalTransferOptions>
        <gmd:onLine>
            <gmd:CI_OnlineResource>
                <gmd:linkage>
                    <gmd:URL>http://ftp.geogratis.gc.ca/pub/nrcan_rncan/vector/canvec/doc/info.html</gmd:URL>
                </gmd:linkage>
                <gmd:protocol>
                    <gco:CharacterString>HTTP</gco:CharacterString>
                </gmd:protocol>
                <gmd:name>
                    <gco:CharacterString>HTML</gco:CharacterString>
                </gmd:name>
                <gmd:description xsi:type="gmd:PT_FreeText_PropertyType">
                    <gco:CharacterString>Documentation index file for the CanVec product</gco:CharacterString>
                    <gmd:PT_FreeText>
                        <gmd:textGroup>
                            <gmd:LocalisedCharacterString locale="#FR">Fichier index des documents d'information du produit CanVec</gmd:LocalisedCharacterString>
                        </gmd:textGroup>
                    </gmd:PT_FreeText>
                </gmd:description>
                <gmd:function>
                    <gmd:CI_OnLineFunctionCode codeListValue="RI_376" codeList="http://nap.geogratis.gc.ca/metadata/register/napMetadataRegister.xml#IC_88">information; information</gmd:CI_OnLineFunctionCode>
                </gmd:function>
            </gmd:CI_OnlineResource>
        </gmd:onLine>
    </gmd:MD_DigitalTransferOptions>
   </gmd:transferOptions>
    </gmd:MD_Distribution>
  </gmd:distributionInfo>
  <gmd:dataQualityInfo>
    <gmd:DQ_DataQuality>
      <gmd:scope>
        <gmd:DQ_Scope>
          <gmd:level>
            <gmd:MD_ScopeCode codeList="http://nap.geogratis.gc.ca/metadata/register/napMetadataRegister.xml#IC_108" codeListValue="RI_623">series; série</gmd:MD_ScopeCode>
          </gmd:level>
        </gmd:DQ_Scope>
      </gmd:scope>
      <gmd:report>
        <gmd:DQ_AbsoluteExternalPositionalAccuracy>
          <gmd:result>
            <gmd:DQ_ConformanceResult>
              <gmd:specification xlink:title="CanVec - Specifications" xlink:href="http://ftp.geogratis.gc.ca/pub/nrcan_rncan/vector/canvec/doc/info.html"> </gmd:specification>
              <gmd:explanation xsi:type="gmd:PT_FreeText_PropertyType">
                <gco:CharacterString>The coordinate resolution depends on the coordinate reference system applied to the data. Further explanations can be found in the CanVec product specifications.</gco:CharacterString>
                <gmd:PT_FreeText>
                  <gmd:textGroup>
                    <gmd:LocalisedCharacterString locale="#fra">La résolution des coordonnées est fonction du système de référence spatial des données. Veuillez consulter la spécification de produit CanVec pour plus d’information sur ce sujet.</gmd:LocalisedCharacterString>
                  </gmd:textGroup>
                </gmd:PT_FreeText>
              </gmd:explanation>
              <gmd:pass>
                <gco:Boolean>true</gco:Boolean>
              </gmd:pass>
            </gmd:DQ_ConformanceResult>
          </gmd:result>
        </gmd:DQ_AbsoluteExternalPositionalAccuracy>
      </gmd:report>
      <gmd:report>
        <gmd:DQ_AbsoluteExternalPositionalAccuracy>
          <gmd:result>
            <gmd:DQ_ConformanceResult>
              <gmd:specification xlink:title="CanVec - Specifications" xlink:href="http://ftp.geogratis.gc.ca/pub/nrcan_rncan/vector/canvec/doc/info.html"> </gmd:specification>
              <gmd:explanation xsi:type="gmd:PT_FreeText_PropertyType">
                <gco:CharacterString>Altitude Distance Units: metres or feet, Altitude Resolution: 1, Altitude Encoding Method: Attribute values</gco:CharacterString>
                <gmd:PT_FreeText>
                  <gmd:textGroup>
                    <gmd:LocalisedCharacterString locale="#fra">Unités de distance de l'altitude : Mètres ou pieds, Résolution en altitude : 1, Méthode de codage de l'altitude : Valeurs d'attribut</gmd:LocalisedCharacterString>
                  </gmd:textGroup>
                </gmd:PT_FreeText>
              </gmd:explanation>
              <gmd:pass>
                <gco:Boolean>true</gco:Boolean>
              </gmd:pass>
            </gmd:DQ_ConformanceResult>
          </gmd:result>
        </gmd:DQ_AbsoluteExternalPositionalAccuracy>
      </gmd:report>
      <gmd:report>
        <gmd:DQ_ConceptualConsistency>
          <gmd:result>
            <gmd:DQ_ConformanceResult>
              <gmd:specification xlink:title="CanVec - Specifications" xlink:href="http://ftp.geogratis.gc.ca/pub/nrcan_rncan/vector/canvec/doc/info.html"> </gmd:specification>
              <gmd:explanation xsi:type="gmd:PT_FreeText_PropertyType">
                <gco:CharacterString>The rules of the CanVec conceptual schema are all recorded and validated in the source database containing the CanVec product. This approach ensures the conceptual consistency between the conceptual schema and the CanVec product.</gco:CharacterString>
                <gmd:PT_FreeText>
                  <gmd:textGroup>
                    <gmd:LocalisedCharacterString locale="#fra">Les règles du schéma conceptuel CanVec ont toutes été enregistrées et validées dans la base de données source contenant le produit CanVec. Ceci permet d'assurer la cohérence conceptuelle entre le schéma conceptuel et le produit CanVec.</gmd:LocalisedCharacterString>
                  </gmd:textGroup>
                </gmd:PT_FreeText>
              </gmd:explanation>
              <gmd:pass>
                <gco:Boolean>true</gco:Boolean>
              </gmd:pass>
            </gmd:DQ_ConformanceResult>
          </gmd:result>
        </gmd:DQ_ConceptualConsistency>
      </gmd:report>
      <gmd:report>
        <gmd:DQ_DomainConsistency>
          <gmd:result>
            <gmd:DQ_ConformanceResult>
              <gmd:specification xlink:title="CanVec - Specifications" xlink:href="http://ftp.geogratis.gc.ca/pub/nrcan_rncan/vector/canvec/doc/info.html"> </gmd:specification>
              <gmd:explanation xsi:type="gmd:PT_FreeText_PropertyType">
                <gco:CharacterString>The domain of values included in the Feature catalogue are all recorded and validated in the source database containing the CanVec product. This approach ensures the domain consistency between the Feature catalogue and the CanVec product.</gco:CharacterString>
                <gmd:PT_FreeText>
                  <gmd:textGroup>
                    <gmd:LocalisedCharacterString locale="#fra">Les valeurs de domaine du catalogue d'entités ont toutes été enregistrées et validées dans la base de données source contenant le produit CanVec. Ceci permet d'assurer la cohérence de domaine entre le Catalogue d'entités et le produit CanVec.</gmd:LocalisedCharacterString>
                  </gmd:textGroup>
                </gmd:PT_FreeText>
              </gmd:explanation>
              <gmd:pass>
                <gco:Boolean>true</gco:Boolean>
              </gmd:pass>
            </gmd:DQ_ConformanceResult>
          </gmd:result>
        </gmd:DQ_DomainConsistency>
      </gmd:report>
      <gmd:report>
        <gmd:DQ_FormatConsistency>
          <gmd:result>
            <gmd:DQ_ConformanceResult>
              <gmd:specification xlink:title="CanVec - Specifications" xlink:href="http://ftp.geogratis.gc.ca/pub/nrcan_rncan/vector/canvec/doc/info.html"> </gmd:specification>
              <gmd:explanation xsi:type="gmd:PT_FreeText_PropertyType">
                <gco:CharacterString>The use of well-established commercial software to generate distribution formats ensures format consistency for CanVec product distribution.</gco:CharacterString>
                <gmd:PT_FreeText>
                  <gmd:textGroup>
                    <gmd:LocalisedCharacterString locale="#fra">L'utilisation de logiciels commerciaux éprouvés pour la génération des formats de distribution permet d'assurer la cohérence de format pour la distribution du produit CanVec.</gmd:LocalisedCharacterString>
                  </gmd:textGroup>
                </gmd:PT_FreeText>
              </gmd:explanation>
              <gmd:pass>
                <gco:Boolean>true</gco:Boolean>
              </gmd:pass>
            </gmd:DQ_ConformanceResult>
          </gmd:result>
        </gmd:DQ_FormatConsistency>
      </gmd:report>
      <gmd:report>
        <gmd:DQ_TopologicalConsistency>
          <gmd:result>
            <gmd:DQ_ConformanceResult>
              <gmd:specification xlink:title="CanVec - Specifications" xlink:href="http://ftp.geogratis.gc.ca/pub/nrcan_rncan/vector/canvec/doc/info.html"> </gmd:specification>
              <gmd:explanation xsi:type="gmd:PT_FreeText_PropertyType">
                <gco:CharacterString>Topological relationships between (and within) entities are all recorded and validated in the source database for each CanVec dataset. This approach ensures topological consistency between the Feature catalogue and the CanVec product.</gco:CharacterString>
                <gmd:PT_FreeText>
                  <gmd:textGroup>
                    <gmd:LocalisedCharacterString locale="#fra">Les relations topologiques des (et entre les) entités ont toutes été enregistrées et validées dans la base de données source pour chaque jeu de données CanVec. Ceci permet d'assurer la cohérence topologique entre le catalogue d'entités et le produit CanVec.</gmd:LocalisedCharacterString>
                  </gmd:textGroup>
                </gmd:PT_FreeText>
              </gmd:explanation>
              <gmd:pass>
                <gco:Boolean>true</gco:Boolean>
              </gmd:pass>
            </gmd:DQ_ConformanceResult>
          </gmd:result>
        </gmd:DQ_TopologicalConsistency>
      </gmd:report>
      <gmd:report>
        <gmd:DQ_CompletenessCommission>
          <gmd:result>
            <gmd:DQ_ConformanceResult>
              <gmd:specification xlink:title="CanVec - Specifications" xlink:href="http://ftp.geogratis.gc.ca/pub/nrcan_rncan/vector/canvec/doc/info.html"/>
              <gmd:explanation xsi:type="gmd:PT_FreeText_PropertyType">
                <gco:CharacterString>The data quality assessment (including completeness and thematic accuracy) is directly performed during the data production process. The validation method applied depends on the data source used. CanVec data come from 2 different sources: GeoBase initiative (ex: National Road Network (NRN) data) and Natural Resources Canada digital topographic data. For GeoBase initiative data, data quality is ensured by the producer (and partner). The validation mechanism used may vary from one partner to another. For Natural Resources Canada data, during data inspection, datasets are produced into distinct batches. A few datasets are selected from each batch and inspected in order to check their contents and compare them to a data source used in production or another independent source. If the percentage of error detected is less than 5 %, then all datasets in the batch are normally considered acceptable.</gco:CharacterString>
                <gmd:PT_FreeText>
                  <gmd:textGroup>
                    <gmd:LocalisedCharacterString locale="#fra">L’évaluation de la qualité des données (incluant la complétude et l’exactitude thématique) est faite directement lors de la production des données. La méthodologie de vérification dépend de la source de données. Les données du produit CanVec proviennent de 2 sources différentes : de l’initiative GéoBase (ex. : les données du Réseau routier national RRN)) et de la production de données topographiques numériques de Ressources naturelles Canada. Pour les données provenant de l’initiative GéoBase, la qualité des données est assurée par le partenaire producteur de données. Le mécanisme de vérification peut être différent pour chaque partenaire. Pour les données provenant de Ressources naturelles Canada, lors de l’inspection des données, les jeux de données issus de la production sont regroupés en différents lots. Quelques jeux de données du lot sont sélectionnés et inspectés afin de vérifier le contenu par rapport à une source de données ayant servi à la production ou par rapport à une source indépendante. Si le pourcentage d’erreurs détecté est inférieur à 5%, alors tous les jeux de données du lot sont normalement considérés acceptables.</gmd:LocalisedCharacterString>
                  </gmd:textGroup>
                </gmd:PT_FreeText>
              </gmd:explanation>
              <gmd:pass>
                <gco:Boolean>true</gco:Boolean>
              </gmd:pass>
            </gmd:DQ_ConformanceResult>
          </gmd:result>
        </gmd:DQ_CompletenessCommission>
      </gmd:report>
      <gmd:report>
        <gmd:DQ_CompletenessOmission>
          <gmd:result>
            <gmd:DQ_ConformanceResult>
              <gmd:specification xlink:title="CanVec - Specifications" xlink:href="http://ftp.geogratis.gc.ca/pub/nrcan_rncan/vector/canvec/doc/info.html"/>
              <gmd:explanation xsi:type="gmd:PT_FreeText_PropertyType">
                <gco:CharacterString>The methodology describe to evaluate the "Commission" is also applied to verify the omissions within the CanVec product.</gco:CharacterString>
                <gmd:PT_FreeText>
                  <gmd:textGroup>
                    <gmd:LocalisedCharacterString locale="#fra">La méthodologie décrite pour évaluer les commissions est également utilisée pour vérifier les omissions dans le produit CanVec.</gmd:LocalisedCharacterString>
                  </gmd:textGroup>
                </gmd:PT_FreeText>
              </gmd:explanation>
              <gmd:pass>
                <gco:Boolean>true</gco:Boolean>
              </gmd:pass>
            </gmd:DQ_ConformanceResult>
          </gmd:result>
        </gmd:DQ_CompletenessOmission>
      </gmd:report>
    </gmd:DQ_DataQuality>
  </gmd:dataQualityInfo>
  <gmd:metadataMaintenance>
    <gmd:MD_MaintenanceInformation>
      <gmd:maintenanceAndUpdateFrequency>
        <gmd:MD_MaintenanceFrequencyCode codeList="http://nap.geogratis.gc.ca/metadata/register/napMetadataRegister.xml#IC_102" codeListValue="RI_540">asNeeded; auBesoin</gmd:MD_MaintenanceFrequencyCode>
      </gmd:maintenanceAndUpdateFrequency>
      <gmd:contact>
        <gmd:CI_ResponsibleParty>
          <gmd:organisationName xsi:type="gmd:PT_FreeText_PropertyType">
            <gco:CharacterString>Government of Canada; Natural Resources Canada; Earth Sciences Sector</gco:CharacterString>
            <gmd:PT_FreeText>
              <gmd:textGroup>
                <gmd:LocalisedCharacterString locale="#fra">Gouvernement du Canada; Ressources naturelles Canada; Secteur des sciences de la Terre</gmd:LocalisedCharacterString>
              </gmd:textGroup>
            </gmd:PT_FreeText>
          </gmd:organisationName>
          <gmd:positionName xsi:type="gmd:PT_FreeText_PropertyType">
            <gco:CharacterString>GeoGratis Client Services</gco:CharacterString>
            <gmd:PT_FreeText>
              <gmd:textGroup>
                <gmd:LocalisedCharacterString locale="#fra">Service à la clientèle de GéoGratis</gmd:LocalisedCharacterString>
              </gmd:textGroup>
            </gmd:PT_FreeText>
          </gmd:positionName>
          <gmd:contactInfo>
            <gmd:CI_Contact>
              <gmd:phone>
                <gmd:CI_Telephone>
                  <gmd:voice xsi:type="gmd:PT_FreeText_PropertyType">
                    <gco:CharacterString>voice; 1 (819) 5645600</gco:CharacterString>
                    <gmd:PT_FreeText>
                      <gmd:textGroup>
                        <gmd:LocalisedCharacterString locale="#fra">voix; 1 (819) 5645600</gmd:LocalisedCharacterString>
                      </gmd:textGroup>
                    </gmd:PT_FreeText>
                  </gmd:voice>
                  <gmd:voice xsi:type="gmd:PT_FreeText_PropertyType">
                    <gco:CharacterString>voice; 1 (800) 6612638</gco:CharacterString>
                    <gmd:PT_FreeText>
                      <gmd:textGroup>
                        <gmd:LocalisedCharacterString locale="#fra">voix; 1 (800) 6612638</gmd:LocalisedCharacterString>
                      </gmd:textGroup>
                    </gmd:PT_FreeText>
                  </gmd:voice>
                  <gmd:facsimile>
                    <gco:CharacterString>1 (819) 5645698</gco:CharacterString>
                  </gmd:facsimile>
                </gmd:CI_Telephone>
              </gmd:phone>
              <gmd:address>
                <gmd:CI_Address>
                  <gmd:electronicMailAddress xsi:type="gmd:PT_FreeText_PropertyType">
                    <gco:CharacterString>NRCan.geogratis-geogratis.RNCan@canada.ca</gco:CharacterString>
                    <gmd:PT_FreeText>
                      <gmd:textGroup>
                        <gmd:LocalisedCharacterString locale="#fra">NRCan.geogratis-geogratis.RNCan@canada.ca</gmd:LocalisedCharacterString>
                      </gmd:textGroup>
                    </gmd:PT_FreeText>
                  </gmd:electronicMailAddress>
                </gmd:CI_Address>
              </gmd:address>
              <gmd:onlineResource>
                <gmd:CI_OnlineResource>
                  <gmd:linkage>
                    <gmd:URL>www.geogratis.gc.ca</gmd:URL>
                  </gmd:linkage>
                  <gmd:protocol>
                    <gco:CharacterString>HTTP</gco:CharacterString>
                  </gmd:protocol>
                  <gmd:function>
                    <gmd:CI_OnLineFunctionCode codeList="http://nap.geogratis.gc.ca/metadata/register/napMetadataRegister.xml#IC_88" codeListValue="RI_376">information; information</gmd:CI_OnLineFunctionCode>
                  </gmd:function>
                </gmd:CI_OnlineResource>
              </gmd:onlineResource>
              <gmd:hoursOfService>
                <gco:CharacterString>8:30/12:00; 13:00/16:30</gco:CharacterString>
              </gmd:hoursOfService>
            </gmd:CI_Contact>
          </gmd:contactInfo>
          <gmd:role>
            <gmd:CI_RoleCode codeList="http://nap.geogratis.gc.ca/metadata/register/napMetadataRegister.xml#IC_90" codeListValue="RI_414">pointOfContact; contact</gmd:CI_RoleCode>
          </gmd:role>
        </gmd:CI_ResponsibleParty>
      </gmd:contact>
    </gmd:MD_MaintenanceInformation>
  </gmd:metadataMaintenance>
</gmd:MD_Metadata>
