<?xml version="1.0" encoding="UTF-8"?>
<gmd:MD_Metadata xsi:schemaLocation="http://www.isotc211.org/2005/gmd http://schemas.opengis.net/iso/19139/20060504/gmd/gmd.xsd" xmlns:gmd="http://www.isotc211.org/2005/gmd" xmlns:xsi="http://www.w3.org/2001/XMLSchema-instance"><gmd:fileIdentifier><gco:CharacterString xmlns:gco="http://www.isotc211.org/2005/gco">2291368112</gco:CharacterString></gmd:fileIdentifier><gmd:language><gco:CharacterString xmlns:gco="http://www.isotc211.org/2005/gco">eng; CAN</gco:CharacterString></gmd:language><gmd:characterSet><gmd:MD_CharacterSetCode codeList="http://www.isotc211.org/2005/resources/Codelist/gmxCodelists.xml#MD_CharacterSetCode" codeListValue="utf8" codeSpace="004">utf8</gmd:MD_CharacterSetCode></gmd:characterSet><gmd:hierarchyLevel><gmd:MD_ScopeCode codeList="http://www.isotc211.org/2005/resources/Codelist/gmxCodelists.xml#MD_ScopeCode" codeListValue="dataset" codeSpace="005">dataset</gmd:MD_ScopeCode></gmd:hierarchyLevel><gmd:identificationInfo><gmd:MD_DataIdentification><gmd:citation><gmd:CI_Citation><gmd:title><gco:CharacterString xmlns:gco="http://www.isotc211.org/2005/gco">Railway</gco:CharacterString></gmd:title><gmd:alternateTitle><gco:CharacterString xmlns:gco="http://www.isotc211.org/2005/gco">Railway - Retired</gco:CharacterString></gmd:alternateTitle><gmd:alternateTitle><gco:CharacterString xmlns:gco="http://www.isotc211.org/2005/gco">Railway - Replaced</gco:CharacterString></gmd:alternateTitle><gmd:date><gmd:CI_Date><gmd:date><gco:Date xmlns:gco="http://www.isotc211.org/2005/gco">1977-01-01</gco:Date></gmd:date><gmd:dateType><gmd:CI_DateTypeCode codeList="http://www.isotc211.org/2005/resources/Codelist/gmxCodelists.xml#CI_DateTypeCode" codeListValue="creation" codeSpace="002">creation</gmd:CI_DateTypeCode></gmd:dateType></gmd:CI_Date></gmd:date><gmd:date><gmd:CI_Date><gmd:date><gco:Date xmlns:gco="http://www.isotc211.org/2005/gco">2007-01-26</gco:Date></gmd:date><gmd:dateType><gmd:CI_DateTypeCode codeList="http://www.isotc211.org/2005/resources/Codelist/gmxCodelists.xml#CI_DateTypeCode" codeListValue="revision" codeSpace="002">revision</gmd:CI_DateTypeCode></gmd:dateType></gmd:CI_Date></gmd:date><gmd:date><gmd:CI_Date><gmd:date><gco:Date xmlns:gco="http://www.isotc211.org/2005/gco">2012-11-13</gco:Date></gmd:date><gmd:dateType><gmd:CI_DateTypeCode codeList="http://www.isotc211.org/2005/resources/Codelist/gmxCodelists.xml#CI_DateTypeCode" codeListValue="superseded" codeSpace="002">superseded</gmd:CI_DateTypeCode></gmd:dateType></gmd:CI_Date></gmd:date><gmd:edition><gco:CharacterString xmlns:gco="http://www.isotc211.org/2005/gco">Retired</gco:CharacterString></gmd:edition><gmd:citedResponsibleParty><gmd:CI_ResponsibleParty><gmd:organisationName><gco:CharacterString xmlns:gco="http://www.isotc211.org/2005/gco">Ontario Ministry of Natural Resources</gco:CharacterString></gmd:organisationName><gmd:contactInfo><gmd:CI_Contact><gmd:address><gmd:CI_Address><gmd:city><gco:CharacterString xmlns:gco="http://www.isotc211.org/2005/gco">Peterborough</gco:CharacterString></gmd:city><gmd:administrativeArea><gco:CharacterString xmlns:gco="http://www.isotc211.org/2005/gco">Ontario</gco:CharacterString></gmd:administrativeArea><gmd:country><gco:CharacterString xmlns:gco="http://www.isotc211.org/2005/gco">Canada</gco:CharacterString></gmd:country></gmd:CI_Address></gmd:address></gmd:CI_Contact></gmd:contactInfo><gmd:role><gmd:CI_RoleCode codeList="http://www.isotc211.org/2005/resources/Codelist/gmxCodelists.xml#CI_RoleCode" codeListValue="publisher" codeSpace="002">publisher</gmd:CI_RoleCode></gmd:role></gmd:CI_ResponsibleParty></gmd:citedResponsibleParty></gmd:CI_Citation></gmd:citation><gmd:abstract><gco:CharacterString xmlns:gco="http://www.isotc211.org/2005/gco">&lt;p&gt;This data set is a centre line linear feature that can be used to identify the location of the steel tracks for trains.&lt;/p&gt;&lt;p&gt;Please note that the railway data layer has been replaced by the Ontario Railway Network (ORWN).&lt;/p&gt;&lt;p&gt;Supplementary tables can be used and are available for download from the additional documentation section. Supplementary look-up table descriptions are available in the data description document, which is available for download from the additional documentation section.&lt;/p&gt;</gco:CharacterString></gmd:abstract><gmd:purpose><gco:CharacterString xmlns:gco="http://www.isotc211.org/2005/gco">To identify Linear Railway features which are commonly found on topographic maps. These include: Rail Line, Rail Line - Abandoned and Rail Line - Multiple Track.</gco:CharacterString></gmd:purpose><gmd:status><gmd:MD_ProgressCode codeList="http://www.isotc211.org/2005/resources/Codelist/gmxCodelists.xml#MD_ProgressCode" codeListValue="historicalArchive" codeSpace="001">historicalArchive</gmd:MD_ProgressCode></gmd:status><gmd:environmentDescription><gco:CharacterString xmlns:gco="http://www.isotc211.org/2005/gco"/></gmd:environmentDescription><gmd:spatialRepresentationType><gmd:MD_SpatialRepresentationTypeCode codeList="http://www.isotc211.org/2005/resources/Codelist/gmxCodelists.xml#MD_SpatialRepresentationTypeCode" codeListValue="vector" codeSpace="001">vector</gmd:MD_SpatialRepresentationTypeCode></gmd:spatialRepresentationType><gmd:language><gco:CharacterString xmlns:gco="http://www.isotc211.org/2005/gco">eng; CAN</gco:CharacterString></gmd:language><gmd:characterSet><gmd:MD_CharacterSetCode codeList="http://www.isotc211.org/2005/resources/Codelist/gmxCodelists.xml#MD_CharacterSetCode" codeListValue="utf8">utf8</gmd:MD_CharacterSetCode></gmd:characterSet><gmd:topicCategory><gmd:MD_TopicCategoryCode codeList="http://www.isotc211.org/2005/resources/Codelist/gmxCodelists.xml#MD_TopicCategory" codeListValue="transportation" codeSpace="001">transportation</gmd:MD_TopicCategoryCode></gmd:topicCategory><gmd:supplementalInformation><gco:CharacterString xmlns:gco="http://www.isotc211.org/2005/gco">The Railway data layer has been replaced by the Ontario Railway Network (ORWN). Measure Description: Horizontal: Precise: +/- 10 m; Vertical: Reliable: +/- 5 m.</gco:CharacterString></gmd:supplementalInformation><gmd:resourceMaintenance><gmd:MD_MaintenanceInformation><gmd:maintenanceAndUpdateFrequency><gmd:MD_MaintenanceFrequencyCode codeList="http://www.isotc211.org/2005/resources/Codelist/gmxCodelists.xml#MD_MaintenanceFrequencyCode" codeListValue="notPlanned" codeSpace="006">notPlanned</gmd:MD_MaintenanceFrequencyCode></gmd:maintenanceAndUpdateFrequency></gmd:MD_MaintenanceInformation></gmd:resourceMaintenance><gmd:graphicOverview><gmd:MD_BrowseGraphic><gmd:fileName><gco:CharacterString xmlns:gco="http://www.isotc211.org/2005/gco">http://images.scholarsportal.info/gis/thumbnails/OGDE/OGDE_RAILWAY.png</gco:CharacterString></gmd:fileName><gmd:fileDescription><gco:CharacterString xmlns:gco="http://www.isotc211.org/2005/gco">Thumbnail</gco:CharacterString></gmd:fileDescription><gmd:fileType xsi:type="napm:napMD_FileFormatCode_PropertyType" codeList="http://www.geoconnections.org/nap/metadata/register/napMetadataRegister.xml#IC_115" codeListValue="RI_711"><gco:CharacterString xmlns:gco="http://www.isotc211.org/2005/gco">png</gco:CharacterString></gmd:fileType></gmd:MD_BrowseGraphic></gmd:graphicOverview><gmd:extent><gmd:EX_Extent><gmd:geographicElement><gmd:EX_GeographicBoundingBox><gmd:westBoundLongitude><gco:Decimal xmlns:gco="http://www.isotc211.org/2005/gco">-95.153749</gco:Decimal></gmd:westBoundLongitude><gmd:eastBoundLongitude><gco:Decimal xmlns:gco="http://www.isotc211.org/2005/gco">-74.355202</gco:Decimal></gmd:eastBoundLongitude><gmd:southBoundLatitude><gco:Decimal xmlns:gco="http://www.isotc211.org/2005/gco">42.029493</gco:Decimal></gmd:southBoundLatitude><gmd:northBoundLatitude><gco:Decimal xmlns:gco="http://www.isotc211.org/2005/gco">51.290777</gco:Decimal></gmd:northBoundLatitude><boundingbox><area>192.621250554348</area><upperleft><Point xmlns="http://earth.google.com/kml/2.0"><coordinates>-95.153749,51.290777</coordinates></Point></upperleft><upperright><Point xmlns="http://earth.google.com/kml/2.0"><coordinates>-74.355202,51.290777</coordinates></Point></upperright><lowerleft><Point xmlns="http://earth.google.com/kml/2.0"><coordinates>-95.153749,42.029493</coordinates></Point></lowerleft><lowerright><Point xmlns="http://earth.google.com/kml/2.0"><coordinates>-74.355202,42.029493</coordinates></Point></lowerright></boundingbox></gmd:EX_GeographicBoundingBox></gmd:geographicElement><gmd:temporalElement/><gmd:description><gmd:CharacterString>Extent description</gmd:CharacterString></gmd:description></gmd:EX_Extent></gmd:extent><gmd:resourceConstraints><gmd:MD_Constraints><gmd:useLimitation><gco:CharacterString xmlns:gco="http://www.isotc211.org/2005/gco">Not for legal purposes. This data is collected with varying aerial photography dates and scales. It is a snap shot in time and maintenance of these features are uncertain.</gco:CharacterString></gmd:useLimitation><gmd:useLimitation><gco:CharacterString xmlns:gco="http://www.isotc211.org/2005/gco">Open Government Licence Ontario: https://www.ontario.ca/government/open-government-licence-ontario</gco:CharacterString></gmd:useLimitation></gmd:MD_Constraints><gmd:MD_LegalConstraints><gmd:accessConstraints><gmd:MD_RestrictionCode codeList="http://www.isotc211.org/2005/resources/Codelist/gmxCodelists.xml#MD_RestrictionCode" codeListValue="license" codeSpace="008">license</gmd:MD_RestrictionCode></gmd:accessConstraints><gmd:useConstraints><gmd:MD_RestrictionCode codeList="http://www.isotc211.org/2005/resources/Codelist/gmxCodelists.xml#MD_RestrictionCode" codeListValue="otherRestrictions" codeSpace="008">otherRestrictions</gmd:MD_RestrictionCode></gmd:useConstraints><gmd:otherConstraints><gco:CharacterString xmlns:gco="http://www.isotc211.org/2005/gco">The data is restricted to use by current student, faculty and staff at Ontario Universities who are members of the Ontario Geospatial Data Exchange (OGDE) See: http://www.mnr.gov.on.ca/en/Business/LIO/2ColumnSubPage/STEL02_167959.html</gco:CharacterString></gmd:otherConstraints></gmd:MD_LegalConstraints></gmd:resourceConstraints><gmd:descriptiveKeywords><gmd:MD_Keywords><gmd:keyword><gco:CharacterString xmlns:gco="http://www.isotc211.org/2005/gco">TRANSPORTATION</gco:CharacterString></gmd:keyword><gmd:keyword><gco:CharacterString xmlns:gco="http://www.isotc211.org/2005/gco">TRANSPORT</gco:CharacterString></gmd:keyword><gmd:keyword><gco:CharacterString xmlns:gco="http://www.isotc211.org/2005/gco">RAILROADS</gco:CharacterString></gmd:keyword><gmd:keyword><gco:CharacterString xmlns:gco="http://www.isotc211.org/2005/gco">RAIL</gco:CharacterString></gmd:keyword><gmd:keyword><gco:CharacterString xmlns:gco="http://www.isotc211.org/2005/gco">RAILWAY</gco:CharacterString></gmd:keyword><gmd:keyword><gco:CharacterString xmlns:gco="http://www.isotc211.org/2005/gco">RAILWAYS</gco:CharacterString></gmd:keyword><gmd:keyword><gco:CharacterString xmlns:gco="http://www.isotc211.org/2005/gco">LAND USE PLANNING</gco:CharacterString></gmd:keyword><gmd:keyword><gco:CharacterString xmlns:gco="http://www.isotc211.org/2005/gco">LAND USE</gco:CharacterString></gmd:keyword><gmd:keyword><gco:CharacterString xmlns:gco="http://www.isotc211.org/2005/gco">LAND MANAGEMENT</gco:CharacterString></gmd:keyword><gmd:keyword><gco:CharacterString xmlns:gco="http://www.isotc211.org/2005/gco">TRAIN</gco:CharacterString></gmd:keyword><gmd:type><gmd:MD_KeywordTypeCode codeList="http://www.isotc211.org/2005/resources/Codelist/gmxCodelists.xml#MD_KeywordTypeCode" codeListValue="theme" codeSpace="005">theme</gmd:MD_KeywordTypeCode></gmd:type><gmd:thesaurusName><gmd:CI_Citation><gmd:title><gco:CharacterString xmlns:gco="http://www.isotc211.org/2005/gco">NA</gco:CharacterString></gmd:title><gmd:date><gmd:CI_Date><gmd:date><gco:Date xmlns:gco="http://www.isotc211.org/2005/gco"/></gmd:date></gmd:CI_Date></gmd:date></gmd:CI_Citation></gmd:thesaurusName></gmd:MD_Keywords></gmd:descriptiveKeywords><gmd:descriptiveKeywords><gmd:MD_Keywords><gmd:keyword><gco:CharacterString xmlns:gco="http://www.isotc211.org/2005/gco">TRANSPORT</gco:CharacterString></gmd:keyword><gmd:keyword><gco:CharacterString xmlns:gco="http://www.isotc211.org/2005/gco">LAND USE</gco:CharacterString></gmd:keyword><gmd:keyword><gco:CharacterString xmlns:gco="http://www.isotc211.org/2005/gco">LAND USE PLANNING</gco:CharacterString></gmd:keyword><gmd:type><gmd:MD_KeywordTypeCode codeList="http://www.isotc211.org/2005/resources/Codelist/gmxCodelists.xml#MD_KeywordTypeCode" codeListValue="theme" codeSpace="005">theme</gmd:MD_KeywordTypeCode></gmd:type><gmd:thesaurusName><gmd:CI_Citation><gmd:title><gco:CharacterString xmlns:gco="http://www.isotc211.org/2005/gco">Ontario Ministry of Natural Resources (OMNR) Thesaurus</gco:CharacterString></gmd:title><gmd:date><gmd:CI_Date><gmd:date><gco:Date xmlns:gco="http://www.isotc211.org/2005/gco">1972-06-22</gco:Date></gmd:date><gmd:dateType><gmd:CI_DateTypeCode codeList="http://www.geoconnections.org/nap/metadata/register/napMetadataRegister.xml#IC_87" codeListValue="RI_366">creation</gmd:CI_DateTypeCode></gmd:dateType></gmd:CI_Date></gmd:date><gmd:date><gmd:CI_Date><gmd:date><gco:Date xmlns:gco="http://www.isotc211.org/2005/gco">2009</gco:Date></gmd:date><gmd:dateType><gmd:CI_DateTypeCode codeList="http://www.geoconnections.org/nap/metadata/register/napMetadataRegister.xml#IC_87" codeListValue="RI_368">revision</gmd:CI_DateTypeCode></gmd:dateType></gmd:CI_Date></gmd:date><gmd:edition><gco:CharacterString xmlns:gco="http://www.isotc211.org/2005/gco">Originally created to catalogue documents stored in the OMNR library and since modified.</gco:CharacterString></gmd:edition><gmd:citedResponsibleParty><gmd:CI_ResponsibleParty><gmd:organisationName><gco:CharacterString xmlns:gco="http://www.isotc211.org/2005/gco">Ministry of Natural Resources</gco:CharacterString></gmd:organisationName><gmd:role><gmd:CI_RoleCode codeList="http://www.geoconnections.org/nap/metadata/register/napMetadataRegister.xml#IC_90" codeListValue="RI_414">originator</gmd:CI_RoleCode></gmd:role></gmd:CI_ResponsibleParty></gmd:citedResponsibleParty></gmd:CI_Citation></gmd:thesaurusName></gmd:MD_Keywords></gmd:descriptiveKeywords><gmd:descriptiveKeywords><gmd:MD_Keywords><gmd:keyword><gco:CharacterString xmlns:gco="http://www.isotc211.org/2005/gco">Transport</gco:CharacterString></gmd:keyword><gmd:keyword><gco:CharacterString xmlns:gco="http://www.isotc211.org/2005/gco">Transport</gco:CharacterString></gmd:keyword><gmd:keyword><gco:CharacterString xmlns:gco="http://www.isotc211.org/2005/gco">Railway networks</gco:CharacterString></gmd:keyword><gmd:keyword><gco:CharacterString xmlns:gco="http://www.isotc211.org/2005/gco">Réseau ferroviaire</gco:CharacterString></gmd:keyword><gmd:keyword><gco:CharacterString xmlns:gco="http://www.isotc211.org/2005/gco">Rail transport</gco:CharacterString></gmd:keyword><gmd:keyword><gco:CharacterString xmlns:gco="http://www.isotc211.org/2005/gco">Transport ferroviaire</gco:CharacterString></gmd:keyword><gmd:keyword><gco:CharacterString xmlns:gco="http://www.isotc211.org/2005/gco">Land management</gco:CharacterString></gmd:keyword><gmd:keyword><gco:CharacterString xmlns:gco="http://www.isotc211.org/2005/gco">Gestion des terres</gco:CharacterString></gmd:keyword><gmd:keyword><gco:CharacterString xmlns:gco="http://www.isotc211.org/2005/gco">Trains</gco:CharacterString></gmd:keyword><gmd:keyword><gco:CharacterString xmlns:gco="http://www.isotc211.org/2005/gco">Train</gco:CharacterString></gmd:keyword><gmd:type><gmd:MD_KeywordTypeCode codeList="http://www.isotc211.org/2005/resources/Codelist/gmxCodelists.xml#MD_KeywordTypeCode" codeListValue="theme" codeSpace="005">theme</gmd:MD_KeywordTypeCode></gmd:type><gmd:thesaurusName><gmd:CI_Citation><gmd:title><gco:CharacterString xmlns:gco="http://www.isotc211.org/2005/gco">Government of Canada Core Subject Thesaurus</gco:CharacterString></gmd:title><gmd:date><gmd:CI_Date><gmd:date><gco:Date xmlns:gco="http://www.isotc211.org/2005/gco">May 16, 2011</gco:Date></gmd:date><gmd:dateType><gmd:CI_DateTypeCode codeList="http://www.geoconnections.org/nap/metadata/register/napMetadataRegister.xml#IC_87" codeListValue="RI_366">revision</gmd:CI_DateTypeCode></gmd:dateType></gmd:CI_Date></gmd:date><gmd:citedResponsibleParty><gmd:CI_ResponsibleParty><gmd:organisationName><gco:CharacterString xmlns:gco="http://www.isotc211.org/2005/gco">Library and Archives Canada</gco:CharacterString></gmd:organisationName><gmd:role><gmd:CI_RoleCode codeList="http://www.geoconnections.org/nap/metadata/register/napMetadataRegister.xml#IC_90" codeListValue="RI_414">originator</gmd:CI_RoleCode></gmd:role></gmd:CI_ResponsibleParty></gmd:citedResponsibleParty></gmd:CI_Citation></gmd:thesaurusName></gmd:MD_Keywords></gmd:descriptiveKeywords><gmd:descriptiveKeywords><gmd:MD_Keywords><gmd:keyword><gco:CharacterString xmlns:gco="http://www.isotc211.org/2005/gco">Continent &gt; North America &gt; Canada &gt; Ontario</gco:CharacterString></gmd:keyword><gmd:type><gmd:MD_KeywordTypeCode codeList="http://www.isotc211.org/2005/resources/Codelist/gmxCodelists.xml#MD_KeywordTypeCode" codeListValue="place" codeSpace="ISOTC211/19115">place</gmd:MD_KeywordTypeCode></gmd:type><gmd:thesaurusName><gmd:CI_Citation><gmd:title><gco:CharacterString xmlns:gco="http://www.isotc211.org/2005/gco">Global Change Master Directory (GCMD) Location Keywords</gco:CharacterString></gmd:title><gmd:date><gmd:CI_Date><gmd:date><gco:Date xmlns:gco="http://www.isotc211.org/2005/gco">2007</gco:Date></gmd:date><gmd:dateType><gmd:CI_DateTypeCode codeList="http://www.isotc211.org/2005/resources/Codelist/gmxCodelists.xml#CI_DateTypeCode" codeListValue="creation">creation</gmd:CI_DateTypeCode></gmd:dateType></gmd:CI_Date></gmd:date><gmd:citedResponsibleParty><gmd:CI_ResponsibleParty><gmd:organisationName><gco:CharacterString xmlns:gco="http://www.isotc211.org/2005/gco">NASA/Global Change Master Directory (GCMD)</gco:CharacterString></gmd:organisationName><gmd:role><gmd:CI_RoleCode codeList="http://www.isotc211.org/2005/resources/Codelist/gmxCodelists.xml#CI_RoleCode" codeListValue="originator">originator</gmd:CI_RoleCode></gmd:role></gmd:CI_ResponsibleParty></gmd:citedResponsibleParty></gmd:CI_Citation></gmd:thesaurusName></gmd:MD_Keywords></gmd:descriptiveKeywords></gmd:MD_DataIdentification></gmd:identificationInfo><gmd:dateStamp><gco:Date xmlns:gco="http://www.isotc211.org/2005/gco">2014-03-11</gco:Date></gmd:dateStamp><gmd:metadataStandardName><gco:CharacterString xmlns:gco="http://www.isotc211.org/2005/gco">
            North American Profile of ISO19115:2003 - Geographic Information
        </gco:CharacterString></gmd:metadataStandardName><gmd:metadataStandardVersion><gco:CharacterString xmlns:gco="http://www.isotc211.org/2005/gco">2009</gco:CharacterString></gmd:metadataStandardVersion><gmd:referenceSystemInfo><gmd:MD_ReferenceSystem><gmd:referenceSystemIdentifier><gmd:RS_Identifier><gmd:code><gco:CharacterString xmlns:gco="http://www.isotc211.org/2005/gco">4269</gco:CharacterString></gmd:code><gmd:codeSpace><gco:CharacterString xmlns:gco="http://www.isotc211.org/2005/gco">http://www.epsg-registry.org/</gco:CharacterString></gmd:codeSpace></gmd:RS_Identifier></gmd:referenceSystemIdentifier></gmd:MD_ReferenceSystem></gmd:referenceSystemInfo><gmd:contact><gmd:CI_ResponsibleParty><gmd:organisationName><gco:CharacterString xmlns:gco="http://www.isotc211.org/2005/gco">Scholars Portal, Ontario Council of University Libraries</gco:CharacterString></gmd:organisationName><gmd:contactInfo><gmd:CI_Contact><gmd:address><gmd:CI_Address><gmd:city><gco:CharacterString xmlns:gco="http://www.isotc211.org/2005/gco">Toronto</gco:CharacterString></gmd:city><gmd:administrativeArea><gco:CharacterString xmlns:gco="http://www.isotc211.org/2005/gco">Ontario</gco:CharacterString></gmd:administrativeArea><gmd:country><gco:CharacterString xmlns:gco="http://www.isotc211.org/2005/gco">Canada</gco:CharacterString></gmd:country></gmd:CI_Address></gmd:address><gmd:onlineResource><gmd:CI_OnlineResource><gmd:linkage><gmd:URL/></gmd:linkage></gmd:CI_OnlineResource></gmd:onlineResource><gmd:contactInstructions><gco:CharacterString xmlns:gco="http://www.isotc211.org/2005/gco">gis@scholarsportal.info</gco:CharacterString></gmd:contactInstructions></gmd:CI_Contact></gmd:contactInfo><gmd:role><gmd:CI_RoleCode codeList="http://www.isotc211.org/2005/resources/Codelist/gmxCodelists.xml#CI_RoleCode" codeListValue="pointOfContact" codeSpace="002">pointOfContact</gmd:CI_RoleCode></gmd:role></gmd:CI_ResponsibleParty></gmd:contact><gmd:spatialRepresentationInfo><gmd:MD_VectorSpatialRepresentation><gmd:geometricObjects><gmd:MD_GeometricObjects><gmd:geometricObjectType><gmd:MD_GeometricObjectTypeCode codeList="http://www.isotc211.org/2005/resources/Codelist/gmxCodelists.xml#MD_GeometricObjectTypeCode" codeListValue="composite" codeSpace="003">composite</gmd:MD_GeometricObjectTypeCode></gmd:geometricObjectType><gmd:geometricObjectCount><gco:Integer xmlns:gco="http://www.isotc211.org/2005/gco">17773</gco:Integer></gmd:geometricObjectCount></gmd:MD_GeometricObjects></gmd:geometricObjects></gmd:MD_VectorSpatialRepresentation></gmd:spatialRepresentationInfo><sp:sp-custom xmlns:sp="http://scholarsportal.info"><theme-keyword>TRANSPORTATION</theme-keyword><theme-keyword>TRANSPORT</theme-keyword><theme-keyword>RAILROADS</theme-keyword><theme-keyword>RAIL</theme-keyword><theme-keyword>RAILWAY</theme-keyword><theme-keyword>RAILWAYS</theme-keyword><theme-keyword>LAND USE PLANNING</theme-keyword><theme-keyword>LAND USE</theme-keyword><theme-keyword>LAND MANAGEMENT</theme-keyword><theme-keyword>TRAIN</theme-keyword><theme-keyword-cst>Transport</theme-keyword-cst><theme-keyword-cst>Transport</theme-keyword-cst><theme-keyword-cst>Railway networks</theme-keyword-cst><theme-keyword-cst>Réseau ferroviaire</theme-keyword-cst><theme-keyword-cst>Rail transport</theme-keyword-cst><theme-keyword-cst>Transport ferroviaire</theme-keyword-cst><theme-keyword-cst>Land management</theme-keyword-cst><theme-keyword-cst>Gestion des terres</theme-keyword-cst><theme-keyword-cst>Trains</theme-keyword-cst><theme-keyword-cst>Train</theme-keyword-cst><theme-keyword-mnr>TRANSPORT</theme-keyword-mnr><theme-keyword-mnr>LAND USE</theme-keyword-mnr><theme-keyword-mnr>LAND USE PLANNING</theme-keyword-mnr><place-category>Continent</place-category><place-type>North America</place-type><place-subregion1>Canada</place-subregion1><place-subregion2>Ontario</place-subregion2><sp:production-date>2014-06-20-04:00</sp:production-date><sp:publish-date>1977-01-01</sp:publish-date><sp:publish-date>2007-01-26</sp:publish-date><sp:publish-date>2012-11-13</sp:publish-date><sp:publisher>Ontario Ministry of Natural Resources</sp:publisher><sp:spatialResolution/><userguides><guide><label>Railway - Data Description</label><link>http:__maps.scholarsportal.info/files/PDFS/public/OGDE/RAILWAY/DataDescription.pdf</link></guide><guide><label>Railway - Data Management Model</label><link>http:__maps.scholarsportal.info/files/PDFS/public/OGDE/RAILWAY/DataManagementModel.pdf</link></guide><guide><label>Infrastructure Web Map Service</label><link>http:__maps.scholarsportal.info/files/PDFS/public/OGDE/RAILWAY/WebMapService.pdf</link></guide><guide><label>Supplementary Tables (.zip)</label><link>http:__maps.scholarsportal.info/files/zips/OGDE/OGDE_RAILWAY_AdditionalTables.zip</link></guide></userguides><externalguides/><holdings>/zips/OGDE/OGDE_RAILWAY.zip</holdings><notdownloadable>0</notdownloadable><notqueryable>0</notqueryable></sp:sp-custom><gmd:distributionInfo><gmd:MD_Distribution><gmd:transferOptions><gmd:MD_DigitalTransferOptions><gmd:transferSize><gco:Real xmlns:gco="http://www.isotc211.org/2005/gco"/></gmd:transferSize><gmd:online><gmd:CI_OnlineResource><gmd:linkage><gmd:URL>/ArcGIS/rest/services/OGDE/OGDE_RAILWAY/MapServer</gmd:URL></gmd:linkage><gmd:protocol><gco:CharacterString xmlns:gco="http://www.isotc211.org/2005/gco">http</gco:CharacterString></gmd:protocol><gmd:description><gco:CharacterString xmlns:gco="http://www.isotc211.org/2005/gco">Tiled map service (vector)</gco:CharacterString></gmd:description></gmd:CI_OnlineResource></gmd:online></gmd:MD_DigitalTransferOptions></gmd:transferOptions><gmd:distributor><gmd:MD_Distributor><gmd:distributorContact><gmd:CI_ResponsibleParty><gmd:organisationName><gco:CharacterString xmlns:gco="http://www.isotc211.org/2005/gco">Ontario Geospatial Data Exchange, Ministry of Natural Resources (OMNR)</gco:CharacterString></gmd:organisationName><gmd:contactInfo><gmd:CI_Contact><gmd:address><gmd:CI_Address><gmd:city><gco:CharacterString xmlns:gco="http://www.isotc211.org/2005/gco">Peterborough</gco:CharacterString></gmd:city><gmd:administrativeArea><gco:CharacterString xmlns:gco="http://www.isotc211.org/2005/gco">Ontario</gco:CharacterString></gmd:administrativeArea><gmd:country><gco:CharacterString xmlns:gco="http://www.isotc211.org/2005/gco">Canada</gco:CharacterString></gmd:country><gmd:linkage><gmd:URL/></gmd:linkage></gmd:CI_Address></gmd:address><gmd:onlineResource><gmd:CI_OnlineResource><gmd:linkage><gmd:URL/></gmd:linkage></gmd:CI_OnlineResource></gmd:onlineResource></gmd:CI_Contact></gmd:contactInfo><gmd:role><gmd:CI_RoleCode codeList="http://www.isotc211.org/2005/resources/Codelist/gmxCodelists.xml#CI_RoleCode" codeListValue="distributor" codeSpace="007">distributor</gmd:CI_RoleCode></gmd:role></gmd:CI_ResponsibleParty></gmd:distributorContact></gmd:MD_Distributor></gmd:distributor></gmd:MD_Distribution></gmd:distributionInfo><gmd:metadataMaintenance><gmd:MD_MaintenanceInformation><gmd:maintenanceNote><gco:CharacterString xmlns:gco="http://www.isotc211.org/2005/gco">8954afa5-1c52-4695-ac09-79faf0d82ffe</gco:CharacterString></gmd:maintenanceNote><gmd:contact><gmd:CI_ResponsibleParty><gmd:organisationName><gco:CharacterString xmlns:gco="http://www.isotc211.org/2005/gco">Ministry of Natural Resources</gco:CharacterString></gmd:organisationName><gmd:contactInfo><gmd:CI_Contact><gmd:address><gmd:CI_Address><gmd:city><gco:CharacterString xmlns:gco="http://www.isotc211.org/2005/gco">Peterborough</gco:CharacterString></gmd:city><gmd:administrativeArea><gco:CharacterString xmlns:gco="http://www.isotc211.org/2005/gco">Ontario</gco:CharacterString></gmd:administrativeArea><gmd:country><gco:CharacterString xmlns:gco="http://www.isotc211.org/2005/gco">Canada</gco:CharacterString></gmd:country></gmd:CI_Address></gmd:address></gmd:CI_Contact></gmd:contactInfo><gmd:role><gmd:CI_RoleCode codeList="http://www.isotc211.org/2005/resources/Codelist/gmxCodelists.xml#CI_RoleCode" codeListValue="custodian" codeSpace="002">custodian</gmd:CI_RoleCode></gmd:role></gmd:CI_ResponsibleParty></gmd:contact><gmd:contact><gmd:CI_ResponsibleParty><gmd:organisationName><gco:CharacterString xmlns:gco="http://www.isotc211.org/2005/gco">Scholars Portal, Ontario Council of University Libraries</gco:CharacterString></gmd:organisationName><gmd:contactInfo><gmd:CI_Contact><gmd:address><gmd:CI_Address><gmd:city><gco:CharacterString xmlns:gco="http://www.isotc211.org/2005/gco">Toronto</gco:CharacterString></gmd:city><gmd:administrativeArea><gco:CharacterString xmlns:gco="http://www.isotc211.org/2005/gco">Ontario</gco:CharacterString></gmd:administrativeArea><gmd:country><gco:CharacterString xmlns:gco="http://www.isotc211.org/2005/gco">Canada</gco:CharacterString></gmd:country></gmd:CI_Address></gmd:address></gmd:CI_Contact></gmd:contactInfo><gmd:role><gmd:CI_RoleCode codeList="http://www.isotc211.org/2005/resources/Codelist/gmxCodelists.xml#CI_RoleCode" codeListValue="pointOfContact" codeSpace="002">pointOfContact</gmd:CI_RoleCode></gmd:role></gmd:CI_ResponsibleParty></gmd:contact></gmd:MD_MaintenanceInformation></gmd:metadataMaintenance><gmd:dataQualityInfo><gmd:DQ_DataQuality><gmd:scope><gmd:DQ_Scope><gmd:level><gmd:MD_ScopeCode codeList="http://www.tc211.org/ISO19139/resources/codeList.xml#MD_ScopeCode" codeListValue="dataset">dataset</gmd:MD_ScopeCode></gmd:level></gmd:DQ_Scope></gmd:scope><gmd:lineage><gmd:LI_Lineage><gmd:statement><gco:CharacterString xmlns:gco="http://www.isotc211.org/2005/gco"/></gmd:statement></gmd:LI_Lineage></gmd:lineage></gmd:DQ_DataQuality></gmd:dataQualityInfo></gmd:MD_Metadata>
