<?xml version="1.0" encoding="UTF-8"?>
<gmd:MD_Metadata xmlns:gmd="http://www.isotc211.org/2005/gmd">
  <gmd:fileIdentifier>
      <gco:CharacterString xmlns:gco="http://www.isotc211.org/2005/gco">263602121</gco:CharacterString>
  </gmd:fileIdentifier>
  <gmd:language><gco:CharacterString xmlns:gco="http://www.isotc211.org/2005/gco">eng; CAN</gco:CharacterString></gmd:language>
  <gmd:characterSet><gmd:MD_CharacterSetCode codeList="http://www.isotc211.org/2005/resources/Codelist/gmxCodelists.xml#MD_CharacterSetCode" codeListValue="utf8" codeSpace="004">utf8</gmd:MD_CharacterSetCode></gmd:characterSet>
  <gmd:hierarchyLevel><gmd:MD_ScopeCode codeList="http://www.isotc211.org/2005/resources/Codelist/gmxCodelists.xml#MD_ScopeCode" codeListValue="MD_ScopeCode_series" codeSpace="005">MD_ScopeCode_series</gmd:MD_ScopeCode></gmd:hierarchyLevel>
  <gmd:metadataStandardName>
      <gco:CharacterString xmlns:gco="http://www.isotc211.org/2005/gco">North American Profile of ISO 19115 Geographic Information Metadata</gco:CharacterString>
  </gmd:metadataStandardName>
  <gmd:metadataStandardVersion><gco:CharacterString xmlns:gco="http://www.isotc211.org/2005/gco">2009</gco:CharacterString></gmd:metadataStandardVersion>
  <gmd:locale>
      <gmd:PT_Locale id="FR">
         <gmd:languageCode>
            <gmd:LanguageCode codeList="#LanguageCode" codeListValue="fre">freFrench</gmd:LanguageCode>
         </gmd:languageCode>
         <gmd:country>
            <gmd:Country codeList="#Country" codeListValue="CAN">CANCanada</gmd:Country>
         </gmd:country>
         <gmd:characterEncoding>
            <gmd:MD_CharacterSetCode codeList="http://www.isotc211.org/2005/resources/Codelist/gmxCodelists.xml#IC_95" codeListValue="utf8">utf8utf8</gmd:MD_CharacterSetCode>
         </gmd:characterEncoding>
      </gmd:PT_Locale>
  </gmd:locale>
  <gmd:contact><gmd:CI_ResponsibleParty><gmd:organisationName><gco:CharacterString xmlns:gco="http://www.isotc211.org/2005/gco">Scholars Portal, Ontario Council of University Libraries</gco:CharacterString></gmd:organisationName><gmd:contactInfo><gmd:CI_Contact><gmd:address><gmd:CI_Address><gmd:city><gco:CharacterString xmlns:gco="http://www.isotc211.org/2005/gco">Toronto</gco:CharacterString></gmd:city><gmd:administrativeArea><gco:CharacterString xmlns:gco="http://www.isotc211.org/2005/gco">Ontario</gco:CharacterString></gmd:administrativeArea><gmd:country><gco:CharacterString xmlns:gco="http://www.isotc211.org/2005/gco">Canada</gco:CharacterString></gmd:country></gmd:CI_Address></gmd:address><gmd:onlineResource><gmd:CI_OnlineResource><gmd:linkage><gmd:URL/></gmd:linkage></gmd:CI_OnlineResource></gmd:onlineResource><gmd:contactInstructions><gco:CharacterString xmlns:gco="http://www.isotc211.org/2005/gco">gis@scholarsportal.info</gco:CharacterString></gmd:contactInstructions></gmd:CI_Contact></gmd:contactInfo><gmd:role><gmd:CI_RoleCode codeList="http://www.isotc211.org/2005/resources/Codelist/gmxCodelists.xml#CI_RoleCode" codeListValue="pointOfContact" codeSpace="002">pointOfContact</gmd:CI_RoleCode></gmd:role></gmd:CI_ResponsibleParty></gmd:contact>
  <gmd:referenceSystemInfo><gmd:MD_ReferenceSystem><gmd:referenceSystemIdentifier><gmd:RS_Identifier><gmd:code><gco:CharacterString xmlns:gco="http://www.isotc211.org/2005/gco">4269</gco:CharacterString></gmd:code><gmd:codeSpace><gco:CharacterString xmlns:gco="http://www.isotc211.org/2005/gco">http://www.epsg-registry.org/</gco:CharacterString></gmd:codeSpace></gmd:RS_Identifier></gmd:referenceSystemIdentifier></gmd:MD_ReferenceSystem></gmd:referenceSystemInfo>
  <gmd:identificationInfo>
      <gmd:MD_DataIdentification>
         <gmd:citation><gmd:CI_Citation><gmd:title><gco:CharacterString xmlns:gco="http://www.isotc211.org/2005/gco">Aquatic Resource Area</gco:CharacterString></gmd:title><gmd:alternateTitle><gco:CharacterString xmlns:gco="http://www.isotc211.org/2005/gco">ARASUMRY</gco:CharacterString></gmd:alternateTitle><gmd:alternateTitle><gco:CharacterString xmlns:gco="http://www.isotc211.org/2005/gco">ARA_SUMMARY</gco:CharacterString></gmd:alternateTitle><gmd:date><gmd:CI_Date><gmd:date><gco:Date xmlns:gco="http://www.isotc211.org/2005/gco">2009-06-08</gco:Date></gmd:date><gmd:dateType><gmd:CI_DateTypeCode codeList="http://www.isotc211.org/2005/resources/Codelist/gmxCodelists.xml#CI_DateTypeCode" codeListValue="creation" codeSpace="002">creation</gmd:CI_DateTypeCode></gmd:dateType></gmd:CI_Date></gmd:date><gmd:date><gmd:CI_Date><gmd:date><gco:Date xmlns:gco="http://www.isotc211.org/2005/gco">2009-06-08</gco:Date></gmd:date><gmd:dateType><gmd:CI_DateTypeCode codeList="http://www.isotc211.org/2005/resources/Codelist/gmxCodelists.xml#CI_DateTypeCode" codeListValue="revision" codeSpace="002">revision</gmd:CI_DateTypeCode></gmd:dateType></gmd:CI_Date></gmd:date><gmd:date><gmd:CI_Date><gmd:date><gco:Date xmlns:gco="http://www.isotc211.org/2005/gco">2011-09-13</gco:Date></gmd:date><gmd:dateType><gmd:CI_DateTypeCode codeList="http://www.isotc211.org/2005/resources/Codelist/gmxCodelists.xml#CI_DateTypeCode" codeListValue="revision" codeSpace="002">revision</gmd:CI_DateTypeCode></gmd:dateType></gmd:CI_Date></gmd:date><gmd:edition><gco:CharacterString xmlns:gco="http://www.isotc211.org/2005/gco"/></gmd:edition><gmd:citedResponsibleParty><gmd:CI_ResponsibleParty><gmd:organisationName><gco:CharacterString xmlns:gco="http://www.isotc211.org/2005/gco">Ontario Ministry of Natural Resources</gco:CharacterString></gmd:organisationName><gmd:contactInfo><gmd:CI_Contact><gmd:address><gmd:CI_Address><gmd:city><gco:CharacterString xmlns:gco="http://www.isotc211.org/2005/gco">Peterborough</gco:CharacterString></gmd:city><gmd:administrativeArea><gco:CharacterString xmlns:gco="http://www.isotc211.org/2005/gco">Ontario</gco:CharacterString></gmd:administrativeArea><gmd:country><gco:CharacterString xmlns:gco="http://www.isotc211.org/2005/gco">Canada</gco:CharacterString></gmd:country></gmd:CI_Address></gmd:address></gmd:CI_Contact></gmd:contactInfo><gmd:role><gmd:CI_RoleCode codeList="http://www.isotc211.org/2005/resources/Codelist/gmxCodelists.xml#CI_RoleCode" codeListValue="publisher" codeSpace="002">publisher</gmd:CI_RoleCode></gmd:role></gmd:CI_ResponsibleParty></gmd:citedResponsibleParty></gmd:CI_Citation></gmd:citation>
         <gmd:abstract><gco:CharacterString xmlns:gco="http://www.isotc211.org/2005/gco">&lt;p&gt;This series contains features that can be used to describe the physical characteristics and fish species of lakes, rivers, or streams. This data set can also be used to link to more detailed external fish survey information for that waterbody.&lt;/p&gt; &lt;p&gt;Aquatic Resource Area (ARA) Line (and ARA Polygon) spatially represent ARA Summary via a unique ID. Since spatial information does not exist for ARA Summary, edits can only be made to attribute information. The ARA Polygon and ARA Summary data classes can be downloaded from the Portal via the following records:&lt;/p&gt; &lt;li&gt;Aquatic Resource Area Summary Line (Spatial View)&lt;/li&gt;&lt;li&gt;Aquatic Resource Area Summary Polygon (Spatial View)&lt;/li&gt; &lt;p&gt;The information in ARA Summary is based on a combination of many sources, including ARA Survey Point information. A body of water should have one record containing ARA Summary information and may have zero to many ARA Survey Point data locations, the data of which may have been rolled up into the ARA Summary information. The ARA Summary and Survey Point layers are linked through use of the 'ARA Identifier' attribute. The ARA Survey Point data class can be downloaded from the Portal via the following record:&lt;/p&gt; &lt;li&gt;Aquatic Resource Area Survey Point&lt;/li&gt; &lt;p&gt;Supplementary tables can be used and are available for download from the additional documentation section.&lt;/p&gt;</gco:CharacterString></gmd:abstract>
         <gmd:purpose><gco:CharacterString xmlns:gco="http://www.isotc211.org/2005/gco">The Aquatic Resource Area (ARA) data classes are the authoritative source of generic fisheries spatial data in Ontario. The Aquatic Resource Area data classes provide fisheries information for fisheries management, municipal planning, forest management planning, natural heritage and other land use planning, issuance of work permits under the Public Lands Act, issuance of licenses under the Fish and Wildlife Conservation Act, and fulfillment of public information requests.</gco:CharacterString></gmd:purpose>
         <gmd:status><gmd:MD_ProgressCode codeList="http://www.isotc211.org/2005/resources/Codelist/gmxCodelists.xml#MD_ProgressCode" codeListValue="onGoing" codeSpace="001">onGoing</gmd:MD_ProgressCode></gmd:status>
         <gmd:pointOfContact>
            
         </gmd:pointOfContact>
         <gmd:resourceMaintenance>
            <gmd:MD_MaintenanceInformation>
               <gmd:maintenanceAndUpdateFrequency><gmd:MD_MaintenanceFrequencyCode codeList="http://www.isotc211.org/2005/resources/Codelist/gmxCodelists.xml#MD_MaintenanceFrequencyCode" codeListValue="asNeeded" codeSpace="006">asNeeded</gmd:MD_MaintenanceFrequencyCode></gmd:maintenanceAndUpdateFrequency>
            </gmd:MD_MaintenanceInformation>
         </gmd:resourceMaintenance>
         <gmd:graphicOverview><gmd:MD_BrowseGraphic><gmd:fileName><gco:CharacterString xmlns:gco="http://www.isotc211.org/2005/gco">http://images.scholarsportal.info/gis/thumbnails/OGDE/OGDE_ARASUMRY.png</gco:CharacterString></gmd:fileName><gmd:fileDescription><gco:CharacterString xmlns:gco="http://www.isotc211.org/2005/gco">Thumbnail</gco:CharacterString></gmd:fileDescription><gmd:fileType xsi:type="napm:napMD_FileFormatCode_PropertyType" codeList="http://www.geoconnections.org/nap/metadata/register/napMetadataRegister.xml#IC_115" codeListValue="RI_711" xmlns:xsi="http://www.w3.org/2001/XMLSchema-instance"><gco:CharacterString xmlns:gco="http://www.isotc211.org/2005/gco">png</gco:CharacterString></gmd:fileType></gmd:MD_BrowseGraphic></gmd:graphicOverview>
         
         
         
         
         
         
         
         
         
         
         
         
         <gmd:resourceConstraints><gmd:MD_Constraints><gmd:useLimitation><gco:CharacterString xmlns:gco="http://www.isotc211.org/2005/gco">Not for Legal Purposes.</gco:CharacterString></gmd:useLimitation></gmd:MD_Constraints><gmd:MD_LegalConstraints><gmd:accessConstraints><gmd:MD_RestrictionCode codeList="http://www.isotc211.org/2005/resources/Codelist/gmxCodelists.xml#MD_RestrictionCode" codeListValue="license" codeSpace="008">license</gmd:MD_RestrictionCode></gmd:accessConstraints><gmd:useConstraints><gmd:MD_RestrictionCode codeList="http://www.isotc211.org/2005/resources/Codelist/gmxCodelists.xml#MD_RestrictionCode" codeListValue="otherRestrictions" codeSpace="008">otherRestrictions</gmd:MD_RestrictionCode></gmd:useConstraints><gmd:otherConstraints><gco:CharacterString xmlns:gco="http://www.isotc211.org/2005/gco">The data is restricted to use by current students, faculty and staff at Ontario Universities who are members of the Ontario Geospatial Data Exchange (OGDE). See: http://mnr.gov.on.ca/en/Business/LIO/2ColumnSubPage/STEL02_167959.html</gco:CharacterString></gmd:otherConstraints></gmd:MD_LegalConstraints></gmd:resourceConstraints>
         <gmd:language><gco:CharacterString xmlns:gco="http://www.isotc211.org/2005/gco">eng; CAN</gco:CharacterString></gmd:language>
         <gmd:extent><gmd:EX_Extent><gmd:geographicElement><gmd:EX_GeographicBoundingBox><gmd:westBoundLongitude><gco:Decimal xmlns:gco="http://www.isotc211.org/2005/gco">-95.41271</gco:Decimal></gmd:westBoundLongitude><gmd:eastBoundLongitude><gco:Decimal xmlns:gco="http://www.isotc211.org/2005/gco">-74.25661</gco:Decimal></gmd:eastBoundLongitude><gmd:southBoundLatitude><gco:Decimal xmlns:gco="http://www.isotc211.org/2005/gco">41.03337</gco:Decimal></gmd:southBoundLatitude><gmd:northBoundLatitude><gco:Decimal xmlns:gco="http://www.isotc211.org/2005/gco">57.55042</gco:Decimal></gmd:northBoundLatitude><boundingbox><area>349.436361505</area><upperleft><Point xmlns="http://earth.google.com/kml/2.0"><coordinates>-95.41271,57.55042</coordinates></Point></upperleft><upperright><Point xmlns="http://earth.google.com/kml/2.0"><coordinates>-74.25661,57.55042</coordinates></Point></upperright><lowerleft><Point xmlns="http://earth.google.com/kml/2.0"><coordinates>-95.41271,41.03337</coordinates></Point></lowerleft><lowerright><Point xmlns="http://earth.google.com/kml/2.0"><coordinates>-74.25661,41.03337</coordinates></Point></lowerright></boundingbox></gmd:EX_GeographicBoundingBox></gmd:geographicElement><gmd:temporalElement/><gmd:description><gmd:CharacterString>Extent description</gmd:CharacterString></gmd:description></gmd:EX_Extent></gmd:extent>
         
      <gmd:environmentDescription><gco:CharacterString xmlns:gco="http://www.isotc211.org/2005/gco"/></gmd:environmentDescription><gmd:spatialRepresentationType><gmd:MD_SpatialRepresentationTypeCode codeList="http://www.isotc211.org/2005/resources/Codelist/gmxCodelists.xml#MD_SpatialRepresentationTypeCode" codeListValue="textTable" codeSpace="001">textTable</gmd:MD_SpatialRepresentationTypeCode></gmd:spatialRepresentationType><gmd:characterSet><gmd:MD_CharacterSetCode codeList="http://www.isotc211.org/2005/resources/Codelist/gmxCodelists.xml#MD_CharacterSetCode" codeListValue="utf8">utf8</gmd:MD_CharacterSetCode></gmd:characterSet><gmd:topicCategory><gmd:MD_TopicCategoryCode codeList="http://www.isotc211.org/2005/resources/Codelist/gmxCodelists.xml#MD_TopicCategory" codeListValue="biota" codeSpace="001">biota</gmd:MD_TopicCategoryCode></gmd:topicCategory><gmd:supplementalInformation><gco:CharacterString xmlns:gco="http://www.isotc211.org/2005/gco">Additional Time Period Information: Data layer was implemented spring 2009. It is anticipated that data will be added to this class on an ongoing basis. Horizontal: Approximate: +/- 500 m; Vertical: Not Applicable.</gco:CharacterString></gmd:supplementalInformation><gmd:descriptiveKeywords><gmd:MD_Keywords><gmd:keyword><gco:CharacterString xmlns:gco="http://www.isotc211.org/2005/gco">FISH</gco:CharacterString></gmd:keyword><gmd:keyword><gco:CharacterString xmlns:gco="http://www.isotc211.org/2005/gco">LAKES</gco:CharacterString></gmd:keyword><gmd:keyword><gco:CharacterString xmlns:gco="http://www.isotc211.org/2005/gco">WATER</gco:CharacterString></gmd:keyword><gmd:keyword><gco:CharacterString xmlns:gco="http://www.isotc211.org/2005/gco">STREAMS</gco:CharacterString></gmd:keyword><gmd:keyword><gco:CharacterString xmlns:gco="http://www.isotc211.org/2005/gco">FISHES</gco:CharacterString></gmd:keyword><gmd:keyword><gco:CharacterString xmlns:gco="http://www.isotc211.org/2005/gco">FISHERIES MANGEMENT</gco:CharacterString></gmd:keyword><gmd:keyword><gco:CharacterString xmlns:gco="http://www.isotc211.org/2005/gco">FISHERIES</gco:CharacterString></gmd:keyword><gmd:keyword><gco:CharacterString xmlns:gco="http://www.isotc211.org/2005/gco">AQUATIC RESOURCE AREA</gco:CharacterString></gmd:keyword><gmd:keyword><gco:CharacterString xmlns:gco="http://www.isotc211.org/2005/gco">AQUATIC ECOLOGY</gco:CharacterString></gmd:keyword><gmd:type><gmd:MD_KeywordTypeCode codeList="http://www.isotc211.org/2005/resources/Codelist/gmxCodelists.xml#MD_KeywordTypeCode" codeListValue="theme" codeSpace="005">theme</gmd:MD_KeywordTypeCode></gmd:type><gmd:thesaurusName><gmd:CI_Citation><gmd:title><gco:CharacterString xmlns:gco="http://www.isotc211.org/2005/gco">NA</gco:CharacterString></gmd:title><gmd:date><gmd:CI_Date><gmd:date><gco:Date xmlns:gco="http://www.isotc211.org/2005/gco"/></gmd:date></gmd:CI_Date></gmd:date></gmd:CI_Citation></gmd:thesaurusName></gmd:MD_Keywords></gmd:descriptiveKeywords><gmd:descriptiveKeywords><gmd:MD_Keywords><gmd:keyword><gco:CharacterString xmlns:gco="http://www.isotc211.org/2005/gco">Fishes (Pisces)</gco:CharacterString></gmd:keyword><gmd:keyword><gco:CharacterString xmlns:gco="http://www.isotc211.org/2005/gco">LAKES</gco:CharacterString></gmd:keyword><gmd:keyword><gco:CharacterString xmlns:gco="http://www.isotc211.org/2005/gco">WATER</gco:CharacterString></gmd:keyword><gmd:keyword><gco:CharacterString xmlns:gco="http://www.isotc211.org/2005/gco">STREAMS</gco:CharacterString></gmd:keyword><gmd:keyword><gco:CharacterString xmlns:gco="http://www.isotc211.org/2005/gco">RIVERS</gco:CharacterString></gmd:keyword><gmd:keyword><gco:CharacterString xmlns:gco="http://www.isotc211.org/2005/gco">LAKES</gco:CharacterString></gmd:keyword><gmd:keyword><gco:CharacterString xmlns:gco="http://www.isotc211.org/2005/gco">FISHERIES</gco:CharacterString></gmd:keyword><gmd:keyword><gco:CharacterString xmlns:gco="http://www.isotc211.org/2005/gco">FISHERIES MANAGEMENT</gco:CharacterString></gmd:keyword><gmd:keyword><gco:CharacterString xmlns:gco="http://www.isotc211.org/2005/gco">AQUATIC ECOSYSTEMS</gco:CharacterString></gmd:keyword><gmd:type><gmd:MD_KeywordTypeCode codeList="http://www.isotc211.org/2005/resources/Codelist/gmxCodelists.xml#MD_KeywordTypeCode" codeListValue="theme" codeSpace="005">theme</gmd:MD_KeywordTypeCode></gmd:type><gmd:thesaurusName><gmd:CI_Citation><gmd:title><gco:CharacterString xmlns:gco="http://www.isotc211.org/2005/gco">Ontario Ministry of Natural Resources (OMNR) Thesaurus</gco:CharacterString></gmd:title><gmd:date><gmd:CI_Date><gmd:date><gco:Date xmlns:gco="http://www.isotc211.org/2005/gco">1972-06-22</gco:Date></gmd:date><gmd:dateType><gmd:CI_DateTypeCode codeList="http://www.geoconnections.org/nap/metadata/register/napMetadataRegister.xml#IC_87" codeListValue="RI_366">creation</gmd:CI_DateTypeCode></gmd:dateType></gmd:CI_Date></gmd:date><gmd:date><gmd:CI_Date><gmd:date><gco:Date xmlns:gco="http://www.isotc211.org/2005/gco">2009</gco:Date></gmd:date><gmd:dateType><gmd:CI_DateTypeCode codeList="http://www.geoconnections.org/nap/metadata/register/napMetadataRegister.xml#IC_87" codeListValue="RI_368">revision</gmd:CI_DateTypeCode></gmd:dateType></gmd:CI_Date></gmd:date><gmd:edition><gco:CharacterString xmlns:gco="http://www.isotc211.org/2005/gco">Originally created to catalogue documents stored in the OMNR library and since modified.</gco:CharacterString></gmd:edition><gmd:citedResponsibleParty><gmd:CI_ResponsibleParty><gmd:organisationName><gco:CharacterString xmlns:gco="http://www.isotc211.org/2005/gco">Ministry of Natural Resources</gco:CharacterString></gmd:organisationName><gmd:role><gmd:CI_RoleCode codeList="http://www.geoconnections.org/nap/metadata/register/napMetadataRegister.xml#IC_90" codeListValue="RI_414">originator</gmd:CI_RoleCode></gmd:role></gmd:CI_ResponsibleParty></gmd:citedResponsibleParty></gmd:CI_Citation></gmd:thesaurusName></gmd:MD_Keywords></gmd:descriptiveKeywords><gmd:descriptiveKeywords><gmd:MD_Keywords><gmd:keyword><gco:CharacterString xmlns:gco="http://www.isotc211.org/2005/gco">Fish</gco:CharacterString></gmd:keyword><gmd:keyword><gco:CharacterString xmlns:gco="http://www.isotc211.org/2005/gco">Poisson</gco:CharacterString></gmd:keyword><gmd:keyword><gco:CharacterString xmlns:gco="http://www.isotc211.org/2005/gco">Lakes</gco:CharacterString></gmd:keyword><gmd:keyword><gco:CharacterString xmlns:gco="http://www.isotc211.org/2005/gco">Lac</gco:CharacterString></gmd:keyword><gmd:keyword><gco:CharacterString xmlns:gco="http://www.isotc211.org/2005/gco">Water</gco:CharacterString></gmd:keyword><gmd:keyword><gco:CharacterString xmlns:gco="http://www.isotc211.org/2005/gco">Eau</gco:CharacterString></gmd:keyword><gmd:keyword><gco:CharacterString xmlns:gco="http://www.isotc211.org/2005/gco">Rivers</gco:CharacterString></gmd:keyword><gmd:keyword><gco:CharacterString xmlns:gco="http://www.isotc211.org/2005/gco">Cours d'eau</gco:CharacterString></gmd:keyword><gmd:keyword><gco:CharacterString xmlns:gco="http://www.isotc211.org/2005/gco">Fisheries management</gco:CharacterString></gmd:keyword><gmd:keyword><gco:CharacterString xmlns:gco="http://www.isotc211.org/2005/gco">Gestion des pêches</gco:CharacterString></gmd:keyword><gmd:keyword><gco:CharacterString xmlns:gco="http://www.isotc211.org/2005/gco">Fisheries</gco:CharacterString></gmd:keyword><gmd:keyword><gco:CharacterString xmlns:gco="http://www.isotc211.org/2005/gco">Pêcheries</gco:CharacterString></gmd:keyword><gmd:keyword><gco:CharacterString xmlns:gco="http://www.isotc211.org/2005/gco">Aquatic ecosystems</gco:CharacterString></gmd:keyword><gmd:keyword><gco:CharacterString xmlns:gco="http://www.isotc211.org/2005/gco">Écosystème aquatique</gco:CharacterString></gmd:keyword><gmd:type><gmd:MD_KeywordTypeCode codeList="http://www.isotc211.org/2005/resources/Codelist/gmxCodelists.xml#MD_KeywordTypeCode" codeListValue="theme" codeSpace="005">theme</gmd:MD_KeywordTypeCode></gmd:type><gmd:thesaurusName><gmd:CI_Citation><gmd:title><gco:CharacterString xmlns:gco="http://www.isotc211.org/2005/gco">Government of Canada Core Subject Thesaurus</gco:CharacterString></gmd:title><gmd:date><gmd:CI_Date><gmd:date><gco:Date xmlns:gco="http://www.isotc211.org/2005/gco">May 16, 2011</gco:Date></gmd:date><gmd:dateType><gmd:CI_DateTypeCode codeList="http://www.geoconnections.org/nap/metadata/register/napMetadataRegister.xml#IC_87" codeListValue="RI_366">revision</gmd:CI_DateTypeCode></gmd:dateType></gmd:CI_Date></gmd:date><gmd:citedResponsibleParty><gmd:CI_ResponsibleParty><gmd:organisationName><gco:CharacterString xmlns:gco="http://www.isotc211.org/2005/gco">Library and Archives Canada</gco:CharacterString></gmd:organisationName><gmd:role><gmd:CI_RoleCode codeList="http://www.geoconnections.org/nap/metadata/register/napMetadataRegister.xml#IC_90" codeListValue="RI_414">originator</gmd:CI_RoleCode></gmd:role></gmd:CI_ResponsibleParty></gmd:citedResponsibleParty></gmd:CI_Citation></gmd:thesaurusName></gmd:MD_Keywords></gmd:descriptiveKeywords><gmd:descriptiveKeywords><gmd:MD_Keywords><gmd:keyword><gco:CharacterString xmlns:gco="http://www.isotc211.org/2005/gco">Continent &gt; North America &gt; Canada &gt; Ontario</gco:CharacterString></gmd:keyword><gmd:type><gmd:MD_KeywordTypeCode codeList="http://www.isotc211.org/2005/resources/Codelist/gmxCodelists.xml#MD_KeywordTypeCode" codeListValue="place" codeSpace="ISOTC211/19115">place</gmd:MD_KeywordTypeCode></gmd:type><gmd:thesaurusName><gmd:CI_Citation><gmd:title><gco:CharacterString xmlns:gco="http://www.isotc211.org/2005/gco">Global Change Master Directory (GCMD) Location Keywords</gco:CharacterString></gmd:title><gmd:date><gmd:CI_Date><gmd:date><gco:Date xmlns:gco="http://www.isotc211.org/2005/gco">2007</gco:Date></gmd:date><gmd:dateType><gmd:CI_DateTypeCode codeList="http://www.isotc211.org/2005/resources/Codelist/gmxCodelists.xml#CI_DateTypeCode" codeListValue="creation">creation</gmd:CI_DateTypeCode></gmd:dateType></gmd:CI_Date></gmd:date><gmd:citedResponsibleParty><gmd:CI_ResponsibleParty><gmd:organisationName><gco:CharacterString xmlns:gco="http://www.isotc211.org/2005/gco">NASA/Global Change Master Directory (GCMD)</gco:CharacterString></gmd:organisationName><gmd:role><gmd:CI_RoleCode codeList="http://www.isotc211.org/2005/resources/Codelist/gmxCodelists.xml#CI_RoleCode" codeListValue="originator">originator</gmd:CI_RoleCode></gmd:role></gmd:CI_ResponsibleParty></gmd:citedResponsibleParty></gmd:CI_Citation></gmd:thesaurusName></gmd:MD_Keywords></gmd:descriptiveKeywords></gmd:MD_DataIdentification>
  </gmd:identificationInfo>
  <gmd:distributionInfo><gmd:MD_Distribution><gmd:transferOptions><gmd:MD_DigitalTransferOptions><gmd:transferSize><gco:Real xmlns:gco="http://www.isotc211.org/2005/gco"/></gmd:transferSize><gmd:online><gmd:CI_OnlineResource><gmd:linkage><gmd:URL>http:__maps.scholarsportal.info/files/zips/OGDE/OGDE_ARASUMRY.zip</gmd:URL></gmd:linkage><gmd:protocol><gco:CharacterString xmlns:gco="http://www.isotc211.org/2005/gco">file</gco:CharacterString></gmd:protocol><gmd:description><gco:CharacterString xmlns:gco="http://www.isotc211.org/2005/gco">Tiled map service (vector){Aquatic Resource Area Summary}&lt;uri:/NAP/OGDE_ARASUMRY.xml&gt;</gco:CharacterString></gmd:description></gmd:CI_OnlineResource></gmd:online><gmd:online><gmd:CI_OnlineResource><gmd:linkage><gmd:URL>/ArcGIS/rest/services/OGDE/OGDE_ARALINE/MapServer</gmd:URL></gmd:linkage><gmd:protocol><gco:CharacterString xmlns:gco="http://www.isotc211.org/2005/gco">http</gco:CharacterString></gmd:protocol><gmd:description><gco:CharacterString xmlns:gco="http://www.isotc211.org/2005/gco">Tiled map service (vector){Aquatic Resource Area Summary Line - Spatial View}&lt;uri:/NAP/OGDE_ARALINE.xml&gt;</gco:CharacterString></gmd:description></gmd:CI_OnlineResource></gmd:online><gmd:online><gmd:CI_OnlineResource><gmd:linkage><gmd:URL>/ArcGIS/rest/services/OGDE/OGDE_ARAPOLY/MapServer</gmd:URL></gmd:linkage><gmd:protocol><gco:CharacterString xmlns:gco="http://www.isotc211.org/2005/gco">http</gco:CharacterString></gmd:protocol><gmd:description><gco:CharacterString xmlns:gco="http://www.isotc211.org/2005/gco">Tiled map service (vector){Aquatic Resource Area Summary Polygon - Spatial View}&lt;uri:/NAP/OGDE_ARAPOLY.xml&gt;</gco:CharacterString></gmd:description></gmd:CI_OnlineResource></gmd:online><gmd:online><gmd:CI_OnlineResource><gmd:linkage><gmd:URL>/ArcGIS/rest/services/OGDE/OGDE_ARASURPT/MapServer</gmd:URL></gmd:linkage><gmd:protocol><gco:CharacterString xmlns:gco="http://www.isotc211.org/2005/gco">http</gco:CharacterString></gmd:protocol><gmd:description><gco:CharacterString xmlns:gco="http://www.isotc211.org/2005/gco">Tiled map service (vector){Aquatic Resource Area Survey Point}&lt;uri:/NAP/OGDE_ARASURPT.xml&gt;</gco:CharacterString></gmd:description></gmd:CI_OnlineResource></gmd:online></gmd:MD_DigitalTransferOptions></gmd:transferOptions><gmd:distributor><gmd:MD_Distributor><gmd:distributorContact><gmd:CI_ResponsibleParty><gmd:organisationName><gco:CharacterString xmlns:gco="http://www.isotc211.org/2005/gco">Ontario Geospatial Data Exchange, Ministry of Natural Resources</gco:CharacterString></gmd:organisationName><gmd:contactInfo><gmd:CI_Contact><gmd:address><gmd:CI_Address><gmd:city><gco:CharacterString xmlns:gco="http://www.isotc211.org/2005/gco">Peterborough</gco:CharacterString></gmd:city><gmd:administrativeArea><gco:CharacterString xmlns:gco="http://www.isotc211.org/2005/gco">Ontario</gco:CharacterString></gmd:administrativeArea><gmd:country><gco:CharacterString xmlns:gco="http://www.isotc211.org/2005/gco">Canada</gco:CharacterString></gmd:country><gmd:linkage><gmd:URL/></gmd:linkage></gmd:CI_Address></gmd:address><gmd:onlineResource><gmd:CI_OnlineResource><gmd:linkage><gmd:URL/></gmd:linkage></gmd:CI_OnlineResource></gmd:onlineResource></gmd:CI_Contact></gmd:contactInfo><gmd:role><gmd:CI_RoleCode codeList="http://www.isotc211.org/2005/resources/Codelist/gmxCodelists.xml#CI_RoleCode" codeListValue="distributor" codeSpace="007">distributor</gmd:CI_RoleCode></gmd:role></gmd:CI_ResponsibleParty></gmd:distributorContact></gmd:MD_Distributor></gmd:distributor></gmd:MD_Distribution></gmd:distributionInfo>
  <gmd:dataQualityInfo><gmd:DQ_DataQuality><gmd:scope><gmd:DQ_Scope><gmd:level><gmd:MD_ScopeCode codeList="http://www.tc211.org/ISO19139/resources/codeList.xml#MD_ScopeCode" codeListValue="series">series</gmd:MD_ScopeCode></gmd:level></gmd:DQ_Scope></gmd:scope><gmd:lineage><gmd:LI_Lineage><gmd:statement><gco:CharacterString xmlns:gco="http://www.isotc211.org/2005/gco"/></gmd:statement></gmd:LI_Lineage></gmd:lineage></gmd:DQ_DataQuality></gmd:dataQualityInfo>
  <gmd:dateStamp><gco:Date xmlns:gco="http://www.isotc211.org/2005/gco">2018-12-03</gco:Date></gmd:dateStamp>
<sp:sp-custom xmlns:sp="http://scholarsportal.info"><theme-keyword>FISH</theme-keyword><theme-keyword>LAKES</theme-keyword><theme-keyword>WATER</theme-keyword><theme-keyword>STREAMS</theme-keyword><theme-keyword>FISHES</theme-keyword><theme-keyword>FISHERIES MANGEMENT</theme-keyword><theme-keyword>FISHERIES</theme-keyword><theme-keyword>AQUATIC RESOURCE AREA</theme-keyword><theme-keyword>AQUATIC ECOLOGY</theme-keyword><theme-keyword-cst>Fish</theme-keyword-cst><theme-keyword-cst>Poisson</theme-keyword-cst><theme-keyword-cst>Lakes</theme-keyword-cst><theme-keyword-cst>Lac</theme-keyword-cst><theme-keyword-cst>Water</theme-keyword-cst><theme-keyword-cst>Eau</theme-keyword-cst><theme-keyword-cst>Rivers</theme-keyword-cst><theme-keyword-cst>Cours d'eau</theme-keyword-cst><theme-keyword-cst>Fisheries management</theme-keyword-cst><theme-keyword-cst>Gestion des pêches</theme-keyword-cst><theme-keyword-cst>Fisheries</theme-keyword-cst><theme-keyword-cst>Pêcheries</theme-keyword-cst><theme-keyword-cst>Aquatic ecosystems</theme-keyword-cst><theme-keyword-cst>Écosystème aquatique</theme-keyword-cst><theme-keyword-mnr>Fishes (Pisces)</theme-keyword-mnr><theme-keyword-mnr>LAKES</theme-keyword-mnr><theme-keyword-mnr>WATER</theme-keyword-mnr><theme-keyword-mnr>STREAMS</theme-keyword-mnr><theme-keyword-mnr>RIVERS</theme-keyword-mnr><theme-keyword-mnr>LAKES</theme-keyword-mnr><theme-keyword-mnr>FISHERIES</theme-keyword-mnr><theme-keyword-mnr>FISHERIES MANAGEMENT</theme-keyword-mnr><theme-keyword-mnr>AQUATIC ECOSYSTEMS</theme-keyword-mnr><place-category>Continent</place-category><place-type>North America</place-type><place-subregion1>Canada</place-subregion1><place-subregion2>Ontario</place-subregion2><sp:publish-date>2009-06-08</sp:publish-date><sp:publish-date>2009-06-08</sp:publish-date><sp:publish-date>2011-09-13</sp:publish-date><sp:publisher>Ontario Ministry of Natural Resources</sp:publisher><sp:spatialResolution/><userguides><guide><label>Aquatic Resource Area - Data Description</label><link>http:__maps.scholarsportal.info/files/PDFS/public/OGDE/ARASUMRY/DataDescription.pdf</link></guide><guide><label>Aquatic Resource Area - Data Management Model</label><link>http:__maps.scholarsportal.info/files/PDFS/public/OGDE/ARASUMRY/DataManagementModel.pdf</link></guide><guide><label>Aquatic Resource Area - Data Class User Guide</label><link>http:__maps.scholarsportal.info/files/PDFS/public/OGDE/ARASUMRY/DataClassUserGuide.pdf</link></guide><guide><label>Aquatic Resource Area - Technical Bulletin</label><link>http:__maps.scholarsportal.info/files/PDFS/public/OGDE/ARASUMRY/TechnicalBulletin.pdf</link></guide><guide><label>Natural Resources Web Map Service</label><link>http:__maps.scholarsportal.info/files/PDFS/public/OGDE/ARASUMRY/WebMapService.pdf</link></guide><guide><label>Supplementary Tables (.zip)</label><link>http:__maps.scholarsportal.info/files/zips/OGDE/OGDE_ARALINE_AdditionalTables.zip</link></guide><guide><label>Aquatic Resource Area Survey Point - User Guide</label><link>http:__maps.scholarsportal.info/files/PDFS/public/OGDE/ARASURPT/UserGuide.pdf</link></guide></userguides><externalguides/><holdings/><notdownloadable>0</notdownloadable><notqueryable>0</notqueryable><sp:production-date>2018-12-03-05:00</sp:production-date></sp:sp-custom><gmd:metadataMaintenance><gmd:MD_MaintenanceInformation><gmd:maintenanceNote><gco:CharacterString xmlns:gco="http://www.isotc211.org/2005/gco">1726673e-f89b-4484-8f1c-feef972f6ced</gco:CharacterString></gmd:maintenanceNote><gmd:contact><gmd:CI_ResponsibleParty><gmd:organisationName><gco:CharacterString xmlns:gco="http://www.isotc211.org/2005/gco">Ministry of Natural Resources</gco:CharacterString></gmd:organisationName><gmd:contactInfo><gmd:CI_Contact><gmd:address><gmd:CI_Address><gmd:city><gco:CharacterString xmlns:gco="http://www.isotc211.org/2005/gco">Peterborough</gco:CharacterString></gmd:city><gmd:administrativeArea><gco:CharacterString xmlns:gco="http://www.isotc211.org/2005/gco">Ontario</gco:CharacterString></gmd:administrativeArea><gmd:country><gco:CharacterString xmlns:gco="http://www.isotc211.org/2005/gco">Canada</gco:CharacterString></gmd:country></gmd:CI_Address></gmd:address></gmd:CI_Contact></gmd:contactInfo><gmd:role><gmd:CI_RoleCode codeList="http://www.isotc211.org/2005/resources/Codelist/gmxCodelists.xml#CI_RoleCode" codeListValue="custodian" codeSpace="002">custodian</gmd:CI_RoleCode></gmd:role></gmd:CI_ResponsibleParty></gmd:contact><gmd:contact><gmd:CI_ResponsibleParty><gmd:organisationName><gco:CharacterString xmlns:gco="http://www.isotc211.org/2005/gco">Scholars Portal, Ontario Council of University Libraries</gco:CharacterString></gmd:organisationName><gmd:contactInfo><gmd:CI_Contact><gmd:address><gmd:CI_Address><gmd:city><gco:CharacterString xmlns:gco="http://www.isotc211.org/2005/gco">Toronto</gco:CharacterString></gmd:city><gmd:administrativeArea><gco:CharacterString xmlns:gco="http://www.isotc211.org/2005/gco">Ontario</gco:CharacterString></gmd:administrativeArea><gmd:country><gco:CharacterString xmlns:gco="http://www.isotc211.org/2005/gco">Canada</gco:CharacterString></gmd:country></gmd:CI_Address></gmd:address></gmd:CI_Contact></gmd:contactInfo><gmd:role><gmd:CI_RoleCode codeList="http://www.isotc211.org/2005/resources/Codelist/gmxCodelists.xml#CI_RoleCode" codeListValue="pointOfContact" codeSpace="002">pointOfContact</gmd:CI_RoleCode></gmd:role></gmd:CI_ResponsibleParty></gmd:contact></gmd:MD_MaintenanceInformation></gmd:metadataMaintenance></gmd:MD_Metadata>
